<metadata xml:lang="en"><Esri><CreaDate>20120410</CreaDate><CreaTime>16000800</CreaTime><ArcGISFormat>1.0</ArcGISFormat><SyncOnce>FALSE</SyncOnce><DataProperties><itemProps><itemName Sync="TRUE">lwcf_mapped1</itemName><imsContentType Sync="TRUE">002</imsContentType><itemLocation><linkage Sync="TRUE">file://\\NG00216699\C$\GIS_PROJECTS\Robbie Maps\VOP 2012\LWCF\lwcf_mapped1.shp</linkage><protocol Sync="TRUE">Local Area Network</protocol></itemLocation><nativeExtBox><westBL Sync="TRUE">-83.531903</westBL><eastBL Sync="TRUE">-75.376989</eastBL><southBL Sync="TRUE">36.564828</southBL><northBL Sync="TRUE">39.313039</northBL><exTypeCode Sync="TRUE">1</exTypeCode></nativeExtBox><itemSize Sync="TRUE">0.017</itemSize></itemProps><coordRef><type Sync="TRUE">Geographic</type><geogcsn Sync="TRUE">GCS_North_American_1983</geogcsn><peXml Sync="TRUE">&lt;GeographicCoordinateSystem xsi:type='typens:GeographicCoordinateSystem' xmlns:xsi='http://www.w3.org/2001/XMLSchema-instance' xmlns:xs='http://www.w3.org/2001/XMLSchema' xmlns:typens='http://www.esri.com/schemas/ArcGIS/10.1'&gt;&lt;WKT&gt;GEOGCS[&amp;quot;GCS_North_American_1983&amp;quot;,DATUM[&amp;quot;D_North_American_1983&amp;quot;,SPHEROID[&amp;quot;GRS_1980&amp;quot;,6378137.0,298.257222101]],PRIMEM[&amp;quot;Greenwich&amp;quot;,0.0],UNIT[&amp;quot;Degree&amp;quot;,0.0174532925199433],AUTHORITY[&amp;quot;EPSG&amp;quot;,4269]]&lt;/WKT&gt;&lt;XOrigin&gt;-400&lt;/XOrigin&gt;&lt;YOrigin&gt;-400&lt;/YOrigin&gt;&lt;XYScale&gt;11258999068426.238&lt;/XYScale&gt;&lt;ZOrigin&gt;-100000&lt;/ZOrigin&gt;&lt;ZScale&gt;10000&lt;/ZScale&gt;&lt;MOrigin&gt;-100000&lt;/MOrigin&gt;&lt;MScale&gt;10000&lt;/MScale&gt;&lt;XYTolerance&gt;8.9831528411952133e-009&lt;/XYTolerance&gt;&lt;ZTolerance&gt;0.001&lt;/ZTolerance&gt;&lt;MTolerance&gt;0.001&lt;/MTolerance&gt;&lt;HighPrecision&gt;true&lt;/HighPrecision&gt;&lt;LeftLongitude&gt;-180&lt;/LeftLongitude&gt;&lt;WKID&gt;4269&lt;/WKID&gt;&lt;LatestWKID&gt;4269&lt;/LatestWKID&gt;&lt;/GeographicCoordinateSystem&gt;</peXml><csUnits Sync="TRUE">Angular Unit: Degree (0.017453)</csUnits></coordRef><lineage><Process ToolSource="C:\Program Files (x86)\ArcGIS\Desktop10.0\ArcToolbox\Toolboxes\Data Management Tools.tbx\Merge" Date="20120410" Time="155019" Name="" export="">Merge LWCF\lwcf_mapped;BB_KML_Geocode_MERGE "D:\PROJECTS\DCR LWCF Map\PROCESS\GIS\LWCF.gdb\lwcf_mapped_kml_geocode_MERGE" "ID "ID" true true false 19 Double 5 18 ,First,#,LWCF\lwcf_mapped,ID,-1,-1;GRANT "GRANT" true true false 254 Text 0 0 ,First,#,LWCF\lwcf_mapped,GRANT,-1,-1;NAME "NAME" true true false 254 Text 0 0 ,First,#,LWCF\lwcf_mapped,NAME,-1,-1;SPONSOR "SPONSOR" true true false 254 Text 0 0 ,First,#,LWCF\lwcf_mapped,SPONSOR,-1,-1;MAID "MAID" true true false 19 Double 0 19 ,First,#,LWCF\lwcf_mapped,MAID,-1,-1;MA_ID "MA_ID" true true false 6 Long 0 6 ,First,#,LWCF\lwcf_mapped,MA_ID,-1,-1;POINT_X "POINT_X" true true false 19 Double 11 18 ,First,#,LWCF\lwcf_mapped,POINT_X,-1,-1;POINT_Y "POINT_Y" true true false 19 Double 11 18 ,First,#,LWCF\lwcf_mapped,POINT_Y,-1,-1;Type "Type" true true false 50 Text 0 0 ,First,#,LWCF\lwcf_mapped,Type,-1,-1,BB_KML_Geocode_MERGE,Type,-1,-1;Locality "Locality" true true false 50 Text 0 0 ,First,#,LWCF\lwcf_mapped,Locality,-1,-1,BB_KML_Geocode_MERGE,Locality,-1,-1;Address "Address" true true false 50 Text 0 0 ,First,#,LWCF\lwcf_mapped,Address,-1,-1,BB_KML_Geocode_MERGE,Address,-1,-1;LocationSo "LocationSo" true true false 50 Text 0 0 ,First,#,LWCF\lwcf_mapped,LocationSo,-1,-1;LocMethod "LocMethod" true true false 50 Text 0 0 ,First,#,LWCF\lwcf_mapped,LocMethod,-1,-1,BB_KML_Geocode_MERGE,LocMethod,-1,-1;X "X" true true false 8 Double 0 0 ,First,#,BB_KML_Geocode_MERGE,X,-1,-1;Y "Y" true true false 8 Double 0 0 ,First,#,BB_KML_Geocode_MERGE,Y,-1,-1;ARC_City "ARC_City" true true false 40 Text 0 0 ,First,#,BB_KML_Geocode_MERGE,ARC_City,-1,-1;ARC_State "ARC_State" true true false 20 Text 0 0 ,First,#,BB_KML_Geocode_MERGE,ARC_State,-1,-1;ARC_Zip "ARC_Zip" true true false 20 Text 0 0 ,First,#,BB_KML_Geocode_MERGE,ARC_Zip,-1,-1;GrantID "GrantID" true true false 254 Text 0 0 ,First,#,BB_KML_Geocode_MERGE,GrantID,-1,-1;GrantElem "GrantElem" true true false 254 Text 0 0 ,First,#,BB_KML_Geocode_MERGE,GrantElem,-1,-1;LocSource "LocSource" true true false 254 Text 0 0 ,First,#,BB_KML_Geocode_MERGE,LocSource,-1,-1;Notes "Notes" true true false 254 Text 0 0 ,First,#,BB_KML_Geocode_MERGE,Notes,-1,-1;GrantSponsor "GrantSponsor" true true false 50 Text 0 0 ,First,#,BB_KML_Geocode_MERGE,GrantSponsor,-1,-1"</Process><Process ToolSource="C:\Program Files (x86)\ArcGIS\Desktop10.0\ArcToolbox\Toolboxes\Data Management Tools.tbx\CalculateField" Date="20120410" Time="155235" Name="" export="">CalculateField lwcf_mapped_kml_geocode_MERGE NAME [GrantElem] VB #</Process><Process ToolSource="C:\Program Files (x86)\ArcGIS\Desktop10.0\ArcToolbox\Toolboxes\Data Management Tools.tbx\CalculateField" Date="20120410" Time="155249" Name="" export="">CalculateField lwcf_mapped_kml_geocode_MERGE SPONSOR [GrantSponsor] VB #</Process><Process ToolSource="C:\Program Files (x86)\ArcGIS\Desktop10.0\ArcToolbox\Toolboxes\Data Management Tools.tbx\CalculateField" Date="20120410" Time="155300" Name="" export="">CalculateField lwcf_mapped_kml_geocode_MERGE POINT_X [X] VB #</Process><Process ToolSource="C:\Program Files (x86)\ArcGIS\Desktop10.0\ArcToolbox\Toolboxes\Data Management Tools.tbx\CalculateField" Date="20120410" Time="155314" Name="" export="">CalculateField lwcf_mapped_kml_geocode_MERGE POINT_Y [Y] VB #</Process><Process ToolSource="C:\Program Files (x86)\ArcGIS\Desktop10.0\ArcToolbox\Toolboxes\Data Management Tools.tbx\CalculateField" Date="20120410" Time="155420" Name="" export="">CalculateField lwcf_mapped_kml_geocode_MERGE LocationSo [LocSource] VB #</Process><Process ToolSource="C:\Program Files (x86)\ArcGIS\Desktop10.0\ArcToolbox\Toolboxes\Data Management Tools.tbx\CalculateField" Date="20120410" Time="155500" Name="" export="">CalculateField lwcf_mapped_kml_geocode_MERGE GRANT [GrantID] VB #</Process><Process ToolSource="C:\Program Files (x86)\ArcGIS\Desktop10.0\ArcToolbox\Toolboxes\Data Management Tools.tbx\CalculateField" Date="20120410" Time="155824" Name="" export="">CalculateField lwcf_mapped_kml_geocode_MERGE ID 0 VB #</Process><Process ToolSource="C:\Program Files (x86)\ArcGIS\Desktop10.0\ArcToolbox\Toolboxes\Data Management Tools.tbx\CalculateField" Date="20120410" Time="161051" Name="" export="">CalculateField lwcf_mapped1 OBJECTID [ID] VB #</Process></lineage></DataProperties><SyncDate>20150715</SyncDate><SyncTime>16212900</SyncTime><ModDate>20150715</ModDate><ModTime>16212900</ModTime><ArcGISProfile>ItemDescription</ArcGISProfile><scaleRange><minScale>150000000</minScale><maxScale>5000</maxScale></scaleRange></Esri><dataIdInfo><envirDesc Sync="TRUE">Microsoft Windows 7 Version 6.1 (Build 7601) Service Pack 1; Esri ArcGIS 10.2.1.3497</envirDesc><dataLang><languageCode value="eng" country="USA"/><countryCode value="USA" Sync="TRUE"/></dataLang><idCitation><resTitle Sync="FALSE">LWCF sites</resTitle><presForm><PresFormCd value="005"/></presForm></idCitation><descKeys><thesaName uuidref="723f6998-058e-11dc-8314-0800200c9a66"/><keyword Sync="TRUE">002</keyword></descKeys><spatRpType><SpatRepTypCd value="001"/></spatRpType><idPurp>Spacially documents the locations of recreational projects that were built using an LWCF grant  and adminsitered by the DCR.  This is a general location and does not represent the actual project location.</idPurp><idAbs>&lt;DIV STYLE="text-align:Left;"&gt;&lt;P STYLE="font-size:16ptmargin:7 0 7 0;"&gt;&lt;SPAN STYLE="font-size:14pt"&gt;Recreational projects that are funded using LWCF monies must be perminantly protected from development encroachment (unless the local government can replace the project with like amenities and acerage). This is a general location and does not represent the actual project location; therefore, projects that might impact an existing LWCF property must contact the local government to determine if an impact will occur and mitigate if needed.&lt;/SPAN&gt;&lt;/P&gt;&lt;/DIV&gt;</idAbs><idCredit>Created for 2012 VOP by Robbie Rhur with DCR/PRR 804 371-2594</idCredit><dataExt><geoEle xmlns=""><GeoBndBox esriExtentType="search"><westBL Sync="TRUE">-83.531903</westBL><eastBL Sync="TRUE">-75.376989</eastBL><northBL Sync="TRUE">39.313039</northBL><southBL Sync="TRUE">36.564828</southBL></GeoBndBox></geoEle><vertEle><vertMinVal Sync="TRUE">0.000000</vertMinVal><vertMaxVal Sync="TRUE">0.000000</vertMaxVal></vertEle></dataExt></dataIdInfo><mdLang><languageCode value="eng"/><countryCode value="USA" Sync="TRUE"/></mdLang><distInfo><distFormat><formatName Sync="TRUE">Shapefile</formatName></distFormat><distTranOps><transSize Sync="TRUE">0.017</transSize></distTranOps></distInfo><mdHrLv><ScopeCd value="005"/></mdHrLv><mdHrLvName Sync="TRUE">dataset</mdHrLvName><refSysInfo><RefSystem><refSysID><identCode code="4269"/><idCodeSpace Sync="TRUE">EPSG</idCodeSpace><idVersion Sync="TRUE">8.2.6</idVersion></refSysID></RefSystem></refSysInfo><spdoinfo><ptvctinf><esriterm Name="lwcf_mapped1"><efeatyp Sync="TRUE">Simple</efeatyp><efeageom code="1" Sync="TRUE"></efeageom><esritopo Sync="TRUE">FALSE</esritopo><efeacnt Sync="TRUE">407</efeacnt><spindex Sync="TRUE">TRUE</spindex><linrefer Sync="TRUE">TRUE</linrefer></esriterm></ptvctinf></spdoinfo><spatRepInfo><VectSpatRep><geometObjs Name="lwcf_mapped1"><geoObjTyp><GeoObjTypCd value="004" Sync="TRUE"></GeoObjTypCd></geoObjTyp><geoObjCnt Sync="TRUE">407</geoObjCnt></geometObjs><topLvl><TopoLevCd value="001" Sync="TRUE"></TopoLevCd></topLvl></VectSpatRep></spatRepInfo><eainfo><detailed Name="lwcf_mapped1"><enttyp><enttypl Sync="TRUE">lwcf_mapped1</enttypl><enttypt Sync="TRUE">Feature Class</enttypt><enttypc Sync="TRUE">407</enttypc></enttyp><attr><attrlabl Sync="TRUE">FID</attrlabl><attalias Sync="TRUE">FID</attalias><attrtype Sync="TRUE">OID</attrtype><attwidth Sync="TRUE">4</attwidth><atprecis Sync="TRUE">0</atprecis><attscale Sync="TRUE">0</attscale><attrdef Sync="TRUE">Internal feature number.</attrdef><attrdefs Sync="TRUE">Esri</attrdefs><attrdomv><udom Sync="TRUE">Sequential unique whole numbers that are automatically generated.</udom></attrdomv></attr><attr><attrlabl Sync="TRUE">OBJECTID</attrlabl><attalias Sync="TRUE">OBJECTID</attalias><attrtype Sync="TRUE">Integer</attrtype><attwidth Sync="TRUE">9</attwidth><atprecis Sync="TRUE">9</atprecis><attscale Sync="TRUE">0</attscale><attrdef Sync="TRUE">Internal feature number.</attrdef><attrdefs Sync="TRUE">ESRI</attrdefs><attrdomv><udom Sync="TRUE">Sequential unique whole numbers that are automatically generated.</udom></attrdomv></attr><attr><attrlabl Sync="TRUE">Shape</attrlabl><attalias Sync="TRUE">Shape</attalias><attrtype Sync="TRUE">Geometry</attrtype><attwidth Sync="TRUE">0</attwidth><atprecis Sync="TRUE">0</atprecis><attscale Sync="TRUE">0</attscale><attrdef Sync="TRUE">Feature geometry.</attrdef><attrdefs Sync="TRUE">ESRI</attrdefs><attrdomv><udom Sync="TRUE">Coordinates defining the features.</udom></attrdomv></attr><attr><attrlabl Sync="TRUE">ID</attrlabl><attalias Sync="TRUE">ID</attalias><attrtype Sync="TRUE">Double</attrtype><attwidth Sync="TRUE">19</attwidth><atprecis Sync="TRUE">0</atprecis><attscale Sync="TRUE">0</attscale></attr><attr><attrlabl Sync="TRUE">GRANT</attrlabl><attalias Sync="TRUE">GRANT</attalias><attrtype Sync="TRUE">String</attrtype><attwidth Sync="TRUE">254</attwidth><atprecis Sync="TRUE">0</atprecis><attscale Sync="TRUE">0</attscale></attr><attr><attrlabl Sync="TRUE">NAME</attrlabl><attalias Sync="TRUE">NAME</attalias><attrtype Sync="TRUE">String</attrtype><attwidth Sync="TRUE">254</attwidth><atprecis Sync="TRUE">0</atprecis><attscale Sync="TRUE">0</attscale></attr><attr><attrlabl Sync="TRUE">SPONSOR</attrlabl><attalias Sync="TRUE">SPONSOR</attalias><attrtype Sync="TRUE">String</attrtype><attwidth Sync="TRUE">254</attwidth><atprecis Sync="TRUE">0</atprecis><attscale Sync="TRUE">0</attscale></attr><attr><attrlabl Sync="TRUE">MAID</attrlabl><attalias Sync="TRUE">MAID</attalias><attrtype Sync="TRUE">Double</attrtype><attwidth Sync="TRUE">19</attwidth><atprecis Sync="TRUE">0</atprecis><attscale Sync="TRUE">0</attscale></attr><attr><attrlabl Sync="TRUE">MA_ID</attrlabl><attalias Sync="TRUE">MA_ID</attalias><attrtype Sync="TRUE">Integer</attrtype><attwidth Sync="TRUE">9</attwidth><atprecis Sync="TRUE">9</atprecis><attscale Sync="TRUE">0</attscale></attr><attr><attrlabl Sync="TRUE">POINT_X</attrlabl><attalias Sync="TRUE">POINT_X</attalias><attrtype Sync="TRUE">Double</attrtype><attwidth Sync="TRUE">19</attwidth><atprecis Sync="TRUE">0</atprecis><attscale Sync="TRUE">0</attscale></attr><attr><attrlabl Sync="TRUE">POINT_Y</attrlabl><attalias Sync="TRUE">POINT_Y</attalias><attrtype Sync="TRUE">Double</attrtype><attwidth Sync="TRUE">19</attwidth><atprecis Sync="TRUE">0</atprecis><attscale Sync="TRUE">0</attscale></attr><attr><attrlabl Sync="TRUE">Type</attrlabl><attalias Sync="TRUE">Type</attalias><attrtype Sync="TRUE">String</attrtype><attwidth Sync="TRUE">50</attwidth><atprecis Sync="TRUE">0</atprecis><attscale Sync="TRUE">0</attscale></attr><attr><attrlabl Sync="TRUE">Locality</attrlabl><attalias Sync="TRUE">Locality</attalias><attrtype Sync="TRUE">String</attrtype><attwidth Sync="TRUE">50</attwidth><atprecis Sync="TRUE">0</atprecis><attscale Sync="TRUE">0</attscale></attr><attr><attrlabl Sync="TRUE">Address</attrlabl><attalias Sync="TRUE">Address</attalias><attrtype Sync="TRUE">String</attrtype><attwidth Sync="TRUE">50</attwidth><atprecis Sync="TRUE">0</atprecis><attscale Sync="TRUE">0</attscale></attr><attr><attrlabl Sync="TRUE">LocationSo</attrlabl><attalias Sync="TRUE">LocationSo</attalias><attrtype Sync="TRUE">String</attrtype><attwidth Sync="TRUE">50</attwidth><atprecis Sync="TRUE">0</atprecis><attscale Sync="TRUE">0</attscale></attr><attr><attrlabl Sync="TRUE">LocMethod</attrlabl><attalias Sync="TRUE">LocMethod</attalias><attrtype Sync="TRUE">String</attrtype><attwidth Sync="TRUE">50</attwidth><atprecis Sync="TRUE">0</atprecis><attscale Sync="TRUE">0</attscale></attr><attr><attrlabl Sync="TRUE">ARC_City</attrlabl><attalias Sync="TRUE">ARC_City</attalias><attrtype Sync="TRUE">String</attrtype><attwidth Sync="TRUE">40</attwidth><atprecis Sync="TRUE">0</atprecis><attscale Sync="TRUE">0</attscale></attr><attr><attrlabl Sync="TRUE">ARC_State</attrlabl><attalias Sync="TRUE">ARC_State</attalias><attrtype Sync="TRUE">String</attrtype><attwidth Sync="TRUE">20</attwidth><atprecis Sync="TRUE">0</atprecis><attscale Sync="TRUE">0</attscale></attr><attr><attrlabl Sync="TRUE">ARC_Zip</attrlabl><attalias Sync="TRUE">ARC_Zip</attalias><attrtype Sync="TRUE">String</attrtype><attwidth Sync="TRUE">20</attwidth><atprecis Sync="TRUE">0</atprecis><attscale Sync="TRUE">0</attscale></attr><attr><attrlabl Sync="TRUE">Notes</attrlabl><attalias Sync="TRUE">Notes</attalias><attrtype Sync="TRUE">String</attrtype><attwidth Sync="TRUE">254</attwidth><atprecis Sync="TRUE">0</atprecis><attscale Sync="TRUE">0</attscale></attr></detailed></eainfo><mdDateSt Sync="TRUE">20150715</mdDateSt></metadata>
