<?xml version="1.0"?>
<!--<!DOCTYPE metadata SYSTEM "http://www.esri.com/metadata/esriprof80.dtd">-->
<metadata xml:lang="en"><Esri><CreaDate>20070604</CreaDate><CreaTime>15020500</CreaTime><SyncOnce>FALSE</SyncOnce><SyncDate>20080225</SyncDate><SyncTime>16114400</SyncTime><ModDate>20080225</ModDate><ModTime>16212900</ModTime><MetaID>{45D18423-15C9-4B32-AF34-3D02F08A3089}</MetaID></Esri><idinfo><native Sync="TRUE">Microsoft Windows XP Version 5.1 (Build 2600) Service Pack 2; ESRI ArcCatalog 9.2.4.1420</native><descript><langdata Sync="TRUE">en</langdata><abstract>The Virginia Recreation Model was developed to show recreational value of land in Virginia.  Data shows presence of public recreational opportunities.  This dataset is one component of the Virginia Conservation Lands Needs Assessment (VCLNA) project, which is being undertaken in an effort to map green infrastructure for the state of Virginia.</abstract><purpose>The Virginia Recreation Model was developed to show end users lands with recreational value in Virginia.  The end user will use the dataset as a stand alone GIS layer or integrated with additional data for conservation or green infrastructure planning decision making</purpose><supplinf>This dataset was created using the following existing datasets:  Trails (DCR-DNH), Boating access points (VADGIF), Beaches (VIMS), Conservation Lands (DCR-DNH), Parks (DCR-DNH), Scenic Rivers (DCR-DNH), Fishing Lakes (VADGIF), Tidal Waters (DCR-DNH), Trout Streams (VADGIF), Navigable Water (VADGIF), Hunting Lands (VADGIF), VA Birding Trails (VADGIF), Scenic Byways (DCR-DNH).  The linear features were buffered at 30m and the water features were buffered at 100ft.  </supplinf></descript><citation><citeinfo><origin>Virginia Department of Conservation and Recreation Division of Natural Heritage</origin><pubdate>06062007</pubdate><title>Virginia Recreation Model</title><ftname Sync="TRUE">recreationmodel</ftname><geoform Sync="TRUE">vector digital data</geoform><onlink>http://www.dcr.virginia.gov/natural_heritage/vclnarec.shtml</onlink></citeinfo></citation><timeperd><current>publication date</current><timeinfo><sngdate><caldate>12/2006</caldate><time>unknown</time></sngdate></timeinfo></timeperd><status><progress>Complete</progress><update>None planned</update></status><spdom><bounding><westbc Sync="TRUE">-83.832667</westbc><eastbc Sync="TRUE">-75.153062</eastbc><northbc Sync="TRUE">39.383913</northbc><southbc Sync="TRUE">36.313523</southbc></bounding><lboundng><leftbc Sync="TRUE">-373543.928945</leftbc><rightbc Sync="TRUE">374776.071055</rightbc><bottombc Sync="TRUE">43255.837782</bottombc><topbc Sync="TRUE">375565.837782</topbc></lboundng></spdom><keywords><theme><themekey>Recreation</themekey><themekey>VCLNA</themekey><themekey>Green Infrastructure</themekey><themekey>Planning</themekey></theme><place><placekey>Virginia</placekey><placekey>USA</placekey></place><place><placekey>USA</placekey><placekey>Virginia</placekey></place></keywords><accconst>There are no restrictions and/or legal prerequisites for accessing the data set. </accconst><useconst>There are no restrictions and/or legal prerequisites for using the data set after access is granted.</useconst><natvform Sync="TRUE">Shapefile</natvform><ptcontac><cntinfo><cntpos>VCLNA GIS Planner</cntpos><cntemail>Jennifer.Ciminelli@dcr.virginia.gov</cntemail><cntorgp><cntorg>Virginia  Department of Conservation and Recreation Division of Natural Heritage</cntorg><cntper>Jennifer Ciminelli</cntper></cntorgp><cntaddr><addrtype>mailing and physical address</addrtype><address>217 Governor Street</address><city>Richmond</city><state>VA</state><postal>23227</postal><country>USA</country></cntaddr><cntvoice>804-786-3375</cntvoice><cntfax>804-371-2674</cntfax><hours>8:30 - 5:30 pm EST</hours></cntinfo></ptcontac></idinfo><dataIdInfo><envirDesc Sync="TRUE">Microsoft Windows XP Version 5.1 (Build 2600) Service Pack 2; ESRI ArcCatalog 9.2.4.1420</envirDesc><dataLang><languageCode Sync="TRUE" value="en"></languageCode></dataLang><idCitation><resTitle Sync="TRUE">recreationmodel</resTitle><presForm><PresFormCd Sync="TRUE" value="005"></PresFormCd></presForm></idCitation><spatRpType><SpatRepTypCd Sync="TRUE" value="001"></SpatRepTypCd></spatRpType><dataExt><geoEle><GeoBndBox esriExtentType="native"><westBL Sync="TRUE">-373543.928945</westBL><eastBL Sync="TRUE">374776.071055</eastBL><northBL Sync="TRUE">375565.837782</northBL><southBL Sync="TRUE">43255.837782</southBL><exTypeCode Sync="TRUE">1</exTypeCode></GeoBndBox></geoEle></dataExt><geoBox esriExtentType="decdegrees"><westBL Sync="TRUE">-83.832667</westBL><eastBL Sync="TRUE">-75.153062</eastBL><northBL Sync="TRUE">39.383913</northBL><southBL Sync="TRUE">36.313523</southBL><exTypeCode Sync="TRUE">1</exTypeCode></geoBox></dataIdInfo><metainfo><langmeta Sync="TRUE">en</langmeta><metstdn Sync="TRUE">FGDC Content Standards for Digital Geospatial Metadata</metstdn><metstdv Sync="TRUE">FGDC-STD-001-1998</metstdv><mettc Sync="TRUE">local time</mettc><metc><cntinfo><cntorgp><cntper>Jennifer Ciminelli</cntper><cntorg>Virginia Department of Conservation and Recreation Division of Natural Heritage</cntorg></cntorgp><cntaddr><addrtype>mailing and physical address</addrtype><city>Richmond</city><state>VA</state><postal>23219</postal><address>217 Governor Street</address><country>USA</country></cntaddr><cntvoice>804-786-3375</cntvoice><cntpos>VCLNA GIS Planner</cntpos><cntfax>804-371-2674</cntfax><cntemail>jennifer.ciminelli@dcr.virginia.gov</cntemail><hours>8:30 am - 5:30 pm EST</hours></cntinfo></metc><metd Sync="TRUE">20080225</metd><metextns><onlink Sync="TRUE">http://www.esri.com/metadata/esriprof80.html</onlink><metprof Sync="TRUE">ESRI Metadata Profile</metprof></metextns></metainfo><mdLang><languageCode Sync="TRUE" value="en"></languageCode></mdLang><mdStanName Sync="TRUE">ISO 19115 Geographic Information - Metadata</mdStanName><mdStanVer Sync="TRUE">DIS_ESRI1.0</mdStanVer><mdChar><CharSetCd Sync="TRUE" value="004"></CharSetCd></mdChar><mdHrLv><ScopeCd Sync="TRUE" value="005"></ScopeCd></mdHrLv><mdHrLvName Sync="TRUE">dataset</mdHrLvName><distinfo><resdesc Sync="TRUE">Downloadable Data</resdesc><stdorder><digform><digtinfo><transize Sync="TRUE">59.459</transize><dssize Sync="TRUE">59.459</dssize></digtinfo></digform></stdorder><distrib><cntinfo><cntorgp><cntorg>Virginia Department of Conservation and Recreation Division of Natural Heritage</cntorg><cntper>Jennifer Ciminelli</cntper></cntorgp><cntpos>VCLNA GIS Planner</cntpos><cntaddr><addrtype>mailing and physical address</addrtype><address>217 Governor Street</address><city>Richmond</city><state>Virginia</state><postal>23219</postal><country>USA</country></cntaddr><cntvoice>804-786-3375</cntvoice><cntfax>804-371-2674</cntfax><cntemail>jennifer.ciminelli@dcr.virginia.gov</cntemail><hours>8:30 am - 5:30 pm EST</hours></cntinfo></distrib></distinfo><distInfo><distributor><distorTran><onLineSrc><orDesc Sync="TRUE">002</orDesc><linkage Sync="TRUE">file://\\WS1493\VCLNA\Recreational\finaldeliverables\data\shapefile\recreationmodel.shp</linkage><protocol Sync="TRUE">Local Area Network</protocol></onLineSrc><transSize Sync="TRUE">59.459</transSize></distorTran><distorFormat><formatName Sync="TRUE">Shapefile</formatName></distorFormat></distributor></distInfo><spdoinfo><direct Sync="TRUE">Vector</direct><rastinfo><rasttype Sync="TRUE">Grid Cell</rasttype><rowcount Sync="TRUE">12988</rowcount><colcount Sync="TRUE">27052</colcount><rastxsz Sync="TRUE">30.000000</rastxsz><rastysz Sync="TRUE">30.000000</rastysz><rastbpp Sync="TRUE">8</rastbpp><vrtcount Sync="TRUE">1</vrtcount><rastorig Sync="TRUE">Upper Left</rastorig><rastcmap Sync="TRUE">FALSE</rastcmap><rastcomp Sync="TRUE">Default</rastcomp><rastband Sync="TRUE">1</rastband><rastdtyp Sync="TRUE">matrix values</rastdtyp><rastplyr Sync="TRUE">FALSE</rastplyr><rastifor Sync="TRUE">ESRI GRID</rastifor></rastinfo></spdoinfo><spref><horizsys><cordsysn><geogcsn Sync="TRUE">GCS_North_American_1983</geogcsn><projcsn Sync="TRUE">NAD_1983_Lambert_Conformal_Conic</projcsn></cordsysn><planar><planci><plance Sync="TRUE">coordinate pair</plance><plandu Sync="TRUE">meters</plandu><coordrep><absres Sync="TRUE">0.000000</absres><ordres Sync="TRUE">0.000000</ordres></coordrep></planci><mapproj><mapprojn Sync="TRUE">Lambert Conformal Conic</mapprojn><lambertc><stdparll Sync="TRUE">37.000000</stdparll><stdparll Sync="TRUE">39.500000</stdparll><longcm Sync="TRUE">-79.500000</longcm><latprjo Sync="TRUE">36.000000</latprjo><feast Sync="TRUE">0.000000</feast><fnorth Sync="TRUE">0.000000</fnorth></lambertc></mapproj></planar><geodetic><horizdn Sync="TRUE">North American Datum of 1983</horizdn><ellips Sync="TRUE">Geodetic Reference System 80</ellips><semiaxis Sync="TRUE">6378137.000000</semiaxis><denflat Sync="TRUE">298.257222</denflat></geodetic></horizsys></spref><refSysInfo><RefSystem><refSysID><identCode Sync="TRUE">NAD_1983_Lambert_Conformal_Conic</identCode></refSysID></RefSystem></refSysInfo><spatRepInfo><GridSpatRep><numDims Sync="TRUE">2</numDims><cellGeo><CellGeoCd Sync="TRUE" value="002"></CellGeoCd></cellGeo><tranParaAv Sync="TRUE">1</tranParaAv><axDimProps><Dimen><dimName><DimNameTypCd Sync="TRUE" value="002"></DimNameTypCd></dimName><dimSize Sync="TRUE">27052</dimSize><dimResol><value Sync="TRUE">30</value><uom><UomLength><uomName Sync="TRUE">Meter</uomName><conversionToISOstandardUnit Sync="TRUE">1 Meter = 1 Meter(s)</conversionToISOstandardUnit></UomLength></uom></dimResol></Dimen><Dimen><dimName><DimNameTypCd Sync="TRUE" value="001"></DimNameTypCd></dimName><dimSize Sync="TRUE">12988</dimSize><dimResol><value Sync="TRUE">30</value><uom><UomLength><uomName Sync="TRUE">Meter</uomName><conversionToISOstandardUnit Sync="TRUE">1 Meter = 1 Meter(s)</conversionToISOstandardUnit></UomLength></uom></dimResol></Dimen></axDimProps></GridSpatRep><VectSpatRep><topLvl><TopoLevCd Sync="TRUE" value="001"></TopoLevCd></topLvl><geometObjs Name="recreationmodel"><geoObjTyp><GeoObjTypCd Sync="TRUE" value="001"></GeoObjTypCd></geoObjTyp><geoObjCnt Sync="TRUE">155793</geoObjCnt></geometObjs></VectSpatRep></spatRepInfo><eainfo><detailed Name="recreationmodel"><enttyp><enttypl Sync="TRUE">recreationmodel</enttypl><enttypt Sync="TRUE">Feature Class</enttypt><enttypc Sync="TRUE">155793</enttypc><enttypd>VCLNA Recreation Model</enttypd><enttypds>DCR-DNH</enttypds></enttyp><attr><attrlabl Sync="TRUE">FID</attrlabl><attalias Sync="TRUE">FID</attalias><attrtype Sync="TRUE">OID</attrtype><attwidth Sync="TRUE">4</attwidth><atprecis Sync="TRUE">0</atprecis><attscale Sync="TRUE">0</attscale><attrdef Sync="TRUE">Internal feature number.</attrdef><attrdefs Sync="TRUE">ESRI</attrdefs><attrdomv><udom Sync="TRUE">Sequential unique whole numbers that are automatically generated.</udom></attrdomv></attr><attr><attrlabl Sync="TRUE">Shape</attrlabl><attalias Sync="TRUE">Shape</attalias><attrtype Sync="TRUE">Geometry</attrtype><attwidth Sync="TRUE">0</attwidth><atprecis Sync="TRUE">0</atprecis><attscale Sync="TRUE">0</attscale><attrdef Sync="TRUE">Feature geometry.</attrdef><attrdefs Sync="TRUE">ESRI</attrdefs><attrdomv><udom Sync="TRUE">Coordinates defining the features.</udom></attrdomv></attr><attr><attrlabl Sync="TRUE">ID</attrlabl><attalias Sync="TRUE">ID</attalias><attrtype Sync="TRUE">Number</attrtype><attwidth Sync="TRUE">10</attwidth><attrdef>Internal ID number.</attrdef><attrdefs>DCR DNH</attrdefs></attr><attr><attrlabl Sync="TRUE">RecValue</attrlabl><attalias Sync="TRUE">RecValue</attalias><attrtype Sync="TRUE">Number</attrtype><attwidth Sync="TRUE">4</attwidth><attrdef>Recreation Model Value</attrdef><attrdefs>DCR DNH</attrdefs></attr></detailed></eainfo><mdDateSt Sync="TRUE">20080225</mdDateSt><dataqual><lineage><srcinfo><srccite><citeinfo><origin>VIMS</origin><title>Publc beaches</title><onlink>http://ccrm.vims.edu/index.html</onlink><geoform>vector digital data</geoform></citeinfo></srccite></srcinfo><srcinfo><srccite><citeinfo><origin>Virginia Department of Game and Inland Fisheries</origin><title>Public hunting areas</title><geoform>vector digital data</geoform><onlink>http://www.dgif.state.va.us/gis/index.html</onlink></citeinfo></srccite></srcinfo><srcinfo><srccite><citeinfo><origin>Virginia Department of Game and Inland Fisheries</origin><title>Public Boating Access</title><geoform>vector digital data</geoform><onlink>http://www.dgif.state.va.us/gis/index.html</onlink></citeinfo></srccite></srcinfo><srcinfo><srccite><citeinfo><origin>Virginia Department of Conservation and Recreation Division of Natural Heritage</origin><title>Federal, State and Local Parks</title><geoform>vector digital data</geoform><onlink>http://www.dcr.virginia.gov/natural_heritage/conslandmap.shtml</onlink></citeinfo></srccite></srcinfo><srcinfo><srccite><citeinfo><origin>Virginia Department of Conservation and Recreation Division of Planning and Recreation Resources</origin><title>Managed Trails</title><geoform>vector digital data</geoform><onlink>http://www.dcr.virginia.gov/recreational_planning/index.shtml</onlink></citeinfo></srccite></srcinfo><srcinfo><srccite><citeinfo><origin>Virginia Department of Transportation</origin><origin>Virginia Department of Conservation and Recreation</origin><title>Virginia Scenic Byways</title><geoform>vector digital data</geoform></citeinfo></srccite></srcinfo><srcinfo><srccite><citeinfo><origin>Virginia Department of Game and Inland Fisheries</origin><title>Virginia Birding and Wildlife Trail</title><geoform>vector digital data</geoform><onlink>http://www.dgif.state.va.us/vbwt/</onlink></citeinfo></srccite></srcinfo><srcinfo><srccite><citeinfo><origin>Virginia Department of Conservation and Recreation Division of Natural Heritage</origin><title>Conservation Lands</title><geoform>vector digital data</geoform><onlink>http://www.dcr.virginia.gov/natural_heritage/conslandmap.shtml</onlink></citeinfo></srccite></srcinfo><srcinfo><srccite><citeinfo><origin>Virginia Department of Conservation and Recreation</origin><onlink>http://www.dcr.virginia.gov/recreational_planning/index.shtml</onlink><origin>Virginia Department of Game and Inland Fisheries</origin><title>Water Resources</title><geoform>vector digital data</geoform><onlink>http://www.dgif.state.va.us/gis/index.html</onlink></citeinfo></srccite></srcinfo><procstep><procdesc>Each attribute in each layer of this model was given a value of "1".  This indicated a presence of data.  The data was not weighted in this model based on functionality because of the lack of statewide data and the inherent subjectivity introduced by assigning value to one recreational activity over another.    In areas where no data was present, a value of "0" was assigned.  </procdesc><procsv>ArcGIS 9.x</procsv></procstep><procstep><procdesc>All data were converted to a 30 meter grid.</procdesc><procsv>ArcGIS 9.x</procsv></procstep><procstep><procdesc>All grids were summed.</procdesc><procsv>ArcGRID</procsv></procstep><procstep><procdesc Sync="TRUE">Metadata imported.</procdesc><srcused Sync="TRUE">C:\Projects\VCLNA\Recreational\finaldeliverables\metadata\RecreationModelMetadata.xml</srcused><date Sync="TRUE">20070604</date><time Sync="TRUE">15020500</time></procstep></lineage><attracc><attraccr>Data was generated based on several input layers.  Data are believed to be as accurated as the input layers. The final model was validated by the Virginia Department of Game and Inland Fishers, DCR Division of Planning and Recreation, and DCR Division of Natural Heritage. </attraccr></attracc><logic>These data are logically consistent and topologically correct.</logic><complete>All data are believed to be as complete as possible based on information obtained at the time of data creation.</complete></dataqual></metadata>
