<?xml version="1.0"?>
<!--<!DOCTYPE metadata SYSTEM "http://www.esri.com/metadata/esriprof80.dtd">-->
<metadata xml:lang="en"><Esri><CreaDate>20070110</CreaDate><CreaTime>14562900</CreaTime><SyncOnce>FALSE</SyncOnce><SyncDate>20070119</SyncDate><SyncTime>16340700</SyncTime><ModDate>20070119</ModDate><ModTime>16340700</ModTime><DataProperties><lineage><Process Name="Merge_1" ToolSource="C:\Program Files\ArcGIS\ArcToolbox\Toolboxes\Data Management Tools.tbx\Merge" Date="20070110" Time="141248">Merge nlb_hf;nlb_sc;nlb_mc;nlb_lc C:\WorkSpace\nlb_types_Merge.shp "AREA AREA true false false 13 Float 0 0 ,First,#,nlb_hf,AREA,-1,-1,nlb_sc,AREA,-1,-1,nlb_mc,AREA,-1,-1,nlb_lc,AREA,-1,-1;PERIMETER PERIMETER true false false 13 Float 0 0 ,First,#,nlb_hf,PERIMETER,-1,-1,nlb_sc,PERIMETER,-1,-1,nlb_mc,PERIMETER,-1,-1,nlb_lc,PERIMETER,-1,-1;NLB7IDCOV_ NLB7IDCOV_ true false false 9 Long 0 9 ,First,#,nlb_hf,NLB7IDCOV_,-1,-1,nlb_sc,NLB7IDCOV_,-1,-1,nlb_mc,NLB7IDCOV_,-1,-1,nlb_lc,NLB7IDCOV_,-1,-1;NLB7IDCOV1 NLB7IDCOV1 true false false 9 Long 0 9 ,First,#,nlb_hf,NLB7IDCOV1,-1,-1,nlb_sc,NLB7IDCOV1,-1,-1,nlb_mc,NLB7IDCOV1,-1,-1,nlb_lc,NLB7IDCOV1,-1,-1;GRID_CODE GRID_CODE true false false 9 Long 0 9 ,First,#,nlb_hf,GRID_CODE,-1,-1,nlb_sc,GRID_CODE,-1,-1,nlb_mc,GRID_CODE,-1,-1,nlb_lc,GRID_CODE,-1,-1;NLB_ID NLB_ID true false false 9 Long 0 9 ,First,#,nlb_hf,NLB_ID,-1,-1,nlb_sc,NLB_ID,-1,-1,nlb_mc,NLB_ID,-1,-1,nlb_lc,NLB_ID,-1,-1;NLB_TYPE NLB_TYPE true false false 4 Short 0 4 ,First,#,nlb_hf,NLB_TYPE,-1,-1,nlb_sc,NLB_TYPE,-1,-1,nlb_mc,NLB_TYPE,-1,-1,nlb_lc,NLB_TYPE,-1,-1"</Process></lineage></DataProperties><MetaID>{968AA44C-3B94-489D-8EED-1DFDD1729006}</MetaID></Esri><idinfo><native Sync="TRUE">Microsoft Windows XP Version 5.1 (Build 2600) Service Pack 2; ESRI ArcCatalog 9.2.1.1332</native><descript><langdata Sync="TRUE">en</langdata><abstract>The Virginia Natural Landscape Assessment (VaNLA), a component of the Virginia Conservation Lands Needs Assessment (VCLNA), is a landscape-scale GIS analysis for identifying, prioritizing, and linking natural habitats in Virginia. Using land cover data derived from satellite imagery, the VaNLA identifies unfragmented natural habitats called cores, large patches of natural land cover (mainly upland forests and forested wetlands, but also included are marshes, beaches, and dunes) with at least 100 acres of interior conditions.  Interior conditions begin 100 meters inward from patch edges.  Cores are supported and buffered by Natural Landscape Blocks (NLB), which are formed by aggregating cores and adding adjacent natural land cover.</abstract><purpose>The VaNLA generates fundamental ecological data layer for land and natural resources conservation in Virginia. </purpose></descript><citation><citeinfo><origin>Virginia Department of Conservation and Recreation</origin><pubdate>20070110</pubdate><title>Virginia Natural Landscape Assessment (VaNLA), Natural Landscape Blocks</title><ftname Sync="TRUE">nlbs_20070110_l83</ftname><geoform Sync="TRUE">vector digital data</geoform><onlink Sync="TRUE">\\WS962\C$\WorkSpace\1_VANLA_Products2\nlbs_20070110_l83.shp</onlink></citeinfo></citation><timeperd><current>ground condition</current><timeinfo><sngdate><caldate>circa 2000</caldate></sngdate></timeinfo></timeperd><status><progress>In work</progress><update>As needed</update></status><spdom><bounding><westbc Sync="TRUE">-84.230479</westbc><eastbc Sync="TRUE">-75.042322</eastbc><northbc Sync="TRUE">39.761603</northbc><southbc Sync="TRUE">36.161630</southbc></bounding><lboundng><leftbc Sync="TRUE">-405753.343750</leftbc><rightbc Sync="TRUE">382316.656250</rightbc><bottombc Sync="TRUE">27830.746094</bottombc><topbc Sync="TRUE">417500.750000</topbc></lboundng></spdom><keywords><theme><themekt>REQUIRED: Reference to a formally registered thesaurus or a similar authoritative source of theme keywords.</themekt><themekey>Virginia Natural Landscape Assessment</themekey><themekey>VaNLA</themekey></theme></keywords><accconst>REQUIRED: Restrictions and legal prerequisites for accessing the data set.</accconst><useconst>REQUIRED: Restrictions and legal prerequisites for using the data set after access is granted.</useconst><natvform Sync="TRUE">Shapefile</natvform><ptcontac><cntinfo><cntperp><cntper>Joseph T. Weber</cntper><cntorg>Department of Conservation and Recreation</cntorg></cntperp><cntpos>Natural Heritage GIS Projects Manager/Conservation Biologist</cntpos><cntvoice>(804) 371-2545</cntvoice><cntfax>(804) 371-2674</cntfax><cntemail>joseph.weber@dcr.virginia.gov</cntemail><hours>7:30 AM - 4:15 PM</hours></cntinfo></ptcontac><crossref><citeinfo><origin>Virginia Department of Conservation and Recreation</origin><pubdate>20070110</pubdate><title>Virginia Natural Landscape Assessment (VaNLA), Natural Landscape Blocks</title></citeinfo></crossref></idinfo><dataIdInfo><envirDesc Sync="TRUE">Microsoft Windows XP Version 5.1 (Build 2600) Service Pack 2; ESRI ArcCatalog 9.2.1.1332</envirDesc><dataLang><languageCode Sync="TRUE" value="en"></languageCode></dataLang><idCitation><resTitle Sync="TRUE">nlbs_20070110_l83</resTitle><presForm><PresFormCd Sync="TRUE" value="005"></PresFormCd></presForm></idCitation><spatRpType><SpatRepTypCd Sync="TRUE" value="001"></SpatRepTypCd></spatRpType><dataExt><geoEle><GeoBndBox esriExtentType="native"><westBL Sync="TRUE">-405753.34375</westBL><eastBL Sync="TRUE">382316.65625</eastBL><northBL Sync="TRUE">417500.75</northBL><southBL Sync="TRUE">27830.746094</southBL><exTypeCode Sync="TRUE">1</exTypeCode></GeoBndBox></geoEle></dataExt><geoBox esriExtentType="decdegrees"><westBL Sync="TRUE">-84.230479</westBL><eastBL Sync="TRUE">-75.042322</eastBL><northBL Sync="TRUE">39.761603</northBL><southBL Sync="TRUE">36.16163</southBL><exTypeCode Sync="TRUE">1</exTypeCode></geoBox></dataIdInfo><metainfo><langmeta Sync="TRUE">en</langmeta><metstdn Sync="TRUE">FGDC Content Standards for Digital Geospatial Metadata</metstdn><metstdv Sync="TRUE">FGDC-STD-001-1998</metstdv><mettc Sync="TRUE">local time</mettc><metc><cntinfo><cntaddr><addrtype>REQUIRED: The mailing and/or physical address for the organization or individual.</addrtype><city>REQUIRED: The city of the address.</city><state>REQUIRED: The state or province of the address.</state><postal>REQUIRED: The ZIP or other postal code of the address.</postal></cntaddr><cntvoice>(804) 371-2545</cntvoice><cntperp><cntper>Joseph T. Weber</cntper><cntorg>Department of Conservation and Recreation</cntorg></cntperp><cntpos>Natural Heritage GIS Projects Manager/Conservation Biologist</cntpos><cntfax>(804) 371-2674</cntfax><cntemail>joseph.weber@dcr.virginia.gov</cntemail><hours>7:30 AM - 4:15 PM</hours></cntinfo></metc><metd Sync="TRUE">20070119</metd><metextns><onlink Sync="TRUE">http://www.esri.com/metadata/esriprof80.html</onlink><metprof Sync="TRUE">ESRI Metadata Profile</metprof></metextns></metainfo><mdLang><languageCode Sync="TRUE" value="en"></languageCode></mdLang><mdStanName Sync="TRUE">ISO 19115 Geographic Information - Metadata</mdStanName><mdStanVer Sync="TRUE">DIS_ESRI1.0</mdStanVer><mdChar><CharSetCd Sync="TRUE" value="004"></CharSetCd></mdChar><mdHrLv><ScopeCd Sync="TRUE" value="005"></ScopeCd></mdHrLv><mdHrLvName Sync="TRUE">dataset</mdHrLvName><distinfo><resdesc Sync="TRUE">Downloadable Data</resdesc><stdorder><digform><digtinfo><transize Sync="TRUE">127.254</transize><dssize Sync="TRUE">127.254</dssize></digtinfo></digform></stdorder><distliab>Although all data referred to in this documentation have been used by VADCR, no warranty, expressed or implied, is made by VADCR or the original data sources as to the accuracy of the data. The act of distribution shall not constitute any such warranty, and no responsibility is assumed by VADCR in the use of these data. Users must assume responsibility to determine appropriate use of these data.  VaNLA feature boundaries are not to be used for legal definitions of these areas. Please contact the proper agency or organization with questions concerning ancillary data sets used in, but not created by, the VaNLA. The re-distribution of this dataset for profit is prohibited.</distliab></distinfo><distInfo><distributor><distorTran><onLineSrc><orDesc Sync="TRUE">002</orDesc><linkage Sync="TRUE">file://\\WS962\C$\WorkSpace\1_VANLA_Products2\nlbs_20070110_l83.shp</linkage><protocol Sync="TRUE">Local Area Network</protocol></onLineSrc><transSize Sync="TRUE">127.254</transSize></distorTran><distorFormat><formatName Sync="TRUE">Shapefile</formatName></distorFormat></distributor></distInfo><spdoinfo><direct Sync="TRUE">Vector</direct><ptvctinf><esriterm Name="nlbs_20070110_l83"><efeatyp Sync="TRUE">Simple</efeatyp><efeageom Sync="TRUE">Polygon</efeageom><esritopo Sync="TRUE">FALSE</esritopo><efeacnt Sync="TRUE">10754</efeacnt><spindex Sync="TRUE">FALSE</spindex><linrefer Sync="TRUE">FALSE</linrefer></esriterm><sdtsterm Name="nlbs_20070110_l83"><sdtstype Sync="TRUE">G-polygon</sdtstype><ptvctcnt Sync="TRUE">10754</ptvctcnt></sdtsterm></ptvctinf></spdoinfo><spref><horizsys><cordsysn><geogcsn Sync="TRUE">GCS_North_American_1983</geogcsn><projcsn Sync="TRUE">NAD_1983_Lambert_Conformal_Conic</projcsn></cordsysn><planar><planci><plance Sync="TRUE">coordinate pair</plance><plandu Sync="TRUE">meters</plandu><coordrep><absres Sync="TRUE">0.000000</absres><ordres Sync="TRUE">0.000000</ordres></coordrep></planci><mapproj><mapprojn Sync="TRUE">Lambert Conformal Conic</mapprojn><lambertc><stdparll Sync="TRUE">37.000000</stdparll><stdparll Sync="TRUE">39.500000</stdparll><longcm Sync="TRUE">-79.500000</longcm><latprjo Sync="TRUE">36.000000</latprjo><feast Sync="TRUE">0.000000</feast><fnorth Sync="TRUE">0.000000</fnorth></lambertc></mapproj></planar><geodetic><horizdn Sync="TRUE">North American Datum of 1983</horizdn><ellips Sync="TRUE">Geodetic Reference System 80</ellips><semiaxis Sync="TRUE">6378137.000000</semiaxis><denflat Sync="TRUE">298.257222</denflat></geodetic></horizsys></spref><refSysInfo><RefSystem><refSysID><identCode Sync="TRUE">NAD_1983_Lambert_Conformal_Conic</identCode></refSysID></RefSystem></refSysInfo><spatRepInfo><VectSpatRep><topLvl><TopoLevCd Sync="TRUE" value="001"></TopoLevCd></topLvl><geometObjs Name="nlbs_20070110_l83"><geoObjTyp><GeoObjTypCd Sync="TRUE" value="001"></GeoObjTypCd></geoObjTyp><geoObjCnt Sync="TRUE">10754</geoObjCnt></geometObjs></VectSpatRep></spatRepInfo><eainfo><detailed Name="nlbs_20070110_l83"><enttyp><enttypl Sync="TRUE">nlbs_20070110_l83</enttypl><enttypt Sync="TRUE">Feature Class</enttypt><enttypc Sync="TRUE">10754</enttypc></enttyp><attr><attrlabl Sync="TRUE">FID</attrlabl><attalias Sync="TRUE">FID</attalias><attrtype Sync="TRUE">OID</attrtype><attwidth Sync="TRUE">4</attwidth><atprecis Sync="TRUE">0</atprecis><attscale Sync="TRUE">0</attscale><attrdef Sync="TRUE">Internal feature number.</attrdef><attrdefs Sync="TRUE">ESRI</attrdefs><attrdomv><udom Sync="TRUE">Sequential unique whole numbers that are automatically generated.</udom></attrdomv></attr><attr><attrlabl Sync="TRUE">Shape</attrlabl><attalias Sync="TRUE">Shape</attalias><attrtype Sync="TRUE">Geometry</attrtype><attwidth Sync="TRUE">0</attwidth><atprecis Sync="TRUE">0</atprecis><attscale Sync="TRUE">0</attscale><attrdef Sync="TRUE">Feature geometry.</attrdef><attrdefs Sync="TRUE">ESRI</attrdefs><attrdomv><udom Sync="TRUE">Coordinates defining the features.</udom></attrdomv></attr><attr><attrlabl Sync="TRUE">NLB_ID</attrlabl><attalias Sync="TRUE">NLB_ID</attalias><attrtype Sync="TRUE">Number</attrtype><attwidth Sync="TRUE">9</attwidth><attrdef>This field contains the unique numberic identifier for each NLB</attrdef></attr><attr><attrlabl Sync="TRUE">NLB_TYPE</attrlabl><attalias Sync="TRUE">NLB_TYPE</attalias><attrtype Sync="TRUE">Number</attrtype><attwidth Sync="TRUE">4</attwidth><attrdef>This field identifies the type of VANLA Natural Landscape Block</attrdef><attrdomv><edom><edomv>1</edomv><edomvd>Large-core NLB</edomvd></edom><edom><edomv>2</edomv><edomvd>Medium-core NLB</edomvd></edom><edom><edomv>3</edomv><edomvd>Small-core NLB</edomvd></edom><edom><edomv>4</edomv><edomvd>Habitat-fragment NLB</edomvd></edom></attrdomv></attr></detailed></eainfo><mdDateSt Sync="TRUE">20070119</mdDateSt><dataqual><lineage><procstep><procdesc>The study area includes the entire commonwealth of Virginia and a 20-mile buffer around the state. This large buffer was selected to prevent truncation of cores and corridors that cross the state boundary and to facilitate edge matching to similar projects conducted in adjacent states. 
The Virginia Department of Conservation and Recreation contracted with the University of Maryland (UMD) to develop a land cover layer for the entire state from Landsat Thematic Mapper satellite imagery. The final product, named RESAC 2000, was derived from imagery dating from 1999 to 2001. RESAC 2000 has 21 classes, nine of which represent natural land covers: Barren, Deciduous Forests, Evergreen Forests, Mixed Forests, Deciduous Wooded Wetlands, Evergreen Wooded Wetlands, Emergent Herbaceous Wetlands, Mixed Wetlands, and Natural Grass. An overall thematic accuracy of 90% was reported for this layer. The resolution of this layer is 30-meters, square. 
The RESAC 2000 layer had only a very small buffer around the state, ergo additional imagery was acquired for coverage of the entire study area. Imagery from the Chesapeake Bay Resource Lands Assessment (also developed by UMD), National Land Cover Data (NLCD) 2001, and one piece of NLCD 1992 were merged to RESAC 2000. The NLCD classifications were cross-walked to match RESAC 2000 and all images were projected to Lambert Conformal Conic before merging. 
Despite the high reported accuracy of RESAC 2000, there were several important classification errors that needed to be corrected. An accuracy assessment utilizing a five-percent random sample of the Natural Grass class revealed that it almost always represented hayfield or pasture, therefore this class was reclassified to agriculture. There were also maritime grass communities and marshes that were misclassified as agriculture. The marshes were corrected using National Wetlands Inventory (NWI) data, after excluding farmed wetlands, and the maritime grasses were reclassified to a new class of the same name using high-resolution photography to confirm the occurrences were not agriculture. Beaches and dune areas were in the Barren class of RESAC 2000. In order to extract these important natural land covers, undeveloped beaches and dunes were digitized from high-resolution aerial photography dated 2002 (Virginia Base Mapping Program) and the resulting polygons were used to reclassify these areas to a new class named Undeveloped Beaches/Dunes. The resulting layer is known as VANLA Land Cover. 
The VANLA Land Cover was used to develop the VANLA cores and Natural Landscape Blocks (NLBs).  See metadata for the cores layer for more information about cores development.  NLBs are slightly fragmented areas of natural cover containing one or more cores that are bounded by major roads and gaps of anthropogenic land cover at least 100 meters across.  NLBs buffer cores with contiguous natural cover.
NLBs were developed using natural land covers from the land cover layer and eliminating areas of detected and estimated human disturbance (e.g. roads, residential areas, and other developed lands).  The following land cover classes were extracted from the VaNLA Land Cover and reclassified as natural land:  Deciduous Forests, Evergreen Forests, Mixed forests, Deciduous Wooded Wetlands, Evergreen Wooded Wetlands, Emergent Herbaceous Wetlands, Mixed Wetlands, Undeveloped Beaches/Dunes, and Maritime Grasses.  Each patch of natural land was buffered by one pixel, thereby closing gaps less than two pixels across.  From the resulting layer, natural land was eliminated where it coincided with major roads, developed lands buffered by one pixel derived from VaNLA Land Cover, high-density road areas buffered by 142 meters that were developed from a focal sum analysis of the VDOT roads layer, and road intersections and terminuses buffered by 100 meters that were developed from the VDOT roads layer.  The interior areas of the resulting patches were identified and then only those interior areas that intersected cores were retained.  The 100-meters edge transitions were added back in and "donut holes" less than 100 acres were patched to produce the final NLBs.  The NLBs were stratified by the largest core or habitat fragment each contained, resulting in the following types of NLBs:  large-core NLBs, medium-core NLBs, small-core NLBs, and habitat-fragment NLBs.  A unique numeric identifier was assigned to each NLB.  The NLB IDs and NLB type attributes can be found in the NLB layer and in the cores layer.
Most of the above steps were performed in Grid 9.1 and 9.2, followed by conversion to shapefile in ArcMap 9.2.
</procdesc><date Sync="TRUE">20070110</date><time Sync="TRUE">14562900</time></procstep></lineage></dataqual></metadata>
