<?xml version="1.0"?>
<!--<!DOCTYPE metadata SYSTEM "http://www.esri.com/metadata/esriprof80.dtd">-->
<metadata xml:lang="en"><Esri><CreaDate>20071211</CreaDate><CreaTime>08061600</CreaTime><SyncOnce>FALSE</SyncOnce><SyncDate>20080129</SyncDate><SyncTime>12064900</SyncTime><ModDate>20080129</ModDate><ModTime>12064900</ModTime><DataProperties><lineage><Process Name="Union_9" ToolSource="C:\Program Files\ArcGIS\ArcToolbox\Toolboxes\Analysis Tools.tbx\Union" Date="20071102" Time="133150">Union "CZnodes2007 #;CZcorridors2007 #" C:\WorkSpace\lcp\CZcorridorsandnodes2007_Union_gapsallowed.shp ALL "1 Meters" GAPS</Process><Process Name="Dissolve_10" ToolSource="C:\Program Files\ArcGIS\ArcToolbox\Toolboxes\Data Management Tools.tbx\Dissolve" Date="20071102" Time="135652">Dissolve CZcorridorsandnodes2007_union_gapallowed_dissprep C:\WorkSpace\lcp\CZcorridorsandnodes2007_dissolve.shp TYPE;NodeID;CorridorID # SINGLE_PART</Process><Process Name="Dissolve_1" ToolSource="C:\Program Files\ArcGIS\ArcToolbox\Toolboxes\Data Management Tools.tbx\Dissolve" Date="20071210" Time="103751">Dissolve LandscapeCorridors C:\WorkSpace\lcp\LandscapeCorridors_Dissolve.shp TYPE;CORRIDORID;NODEID;COREID;EndCore1;EndCore2 # MULTI_PART</Process><Process Name="Merge_1" ToolSource="C:\Program Files\ArcGIS\ArcToolbox\Toolboxes\Data Management Tools.tbx\Merge" Date="20071213" Time="144412">Merge LandscapeCorridors_LCDEupdate;nopied_corridors_and_nodes C:\WorkSpace\lcp\LandscapeCorridors_CZandNoPied.shp "TYPE TYPE true false false 10 Text 0 0 ,First,#,LandscapeCorridors_LCDEupdate,TYPE,-1,-1,nopied_corridors_and_nodes,TYPE,-1,-1;CORRIDORID CORRIDORID true false false 19 Double 0 0 ,First,#,LandscapeCorridors_LCDEupdate,CORRIDORID,-1,-1,nopied_corridors_and_nodes,CorridorID,-1,-1;NODEID NODEID true false false 19 Double 0 0 ,First,#,LandscapeCorridors_LCDEupdate,NODEID,-1,-1,nopied_corridors_and_nodes,NodeID,-1,-1;COREID COREID true false false 9 Long 0 9 ,First,#,LandscapeCorridors_LCDEupdate,COREID,-1,-1,nopied_corridors_and_nodes,CoreID,-1,-1;EndCore1 EndCore1 true false false 9 Long 0 9 ,First,#,LandscapeCorridors_LCDEupdate,EndCore1,-1,-1,nopied_corridors_and_nodes,EndCore1,-1,-1;EndCore2 EndCore2 true false false 9 Long 0 9 ,First,#,LandscapeCorridors_LCDEupdate,EndCore2,-1,-1,nopied_corridors_and_nodes,EndCore2,-1,-1"</Process><Process Name="Merge_1" ToolSource="C:\Program Files\ArcGIS\ArcToolbox\Toolboxes\Data Management Tools.tbx\Merge" Date="20080108" Time="145659">Merge LandscapeCorridors_CZandNoPied;SoVa_corridors_and_nodes C:\WorkSpace\lcp\LandscapeCorridors_CZandNoPiedandSoVa.shp "TYPE TYPE true false false 10 Text 0 0 ,First,#,LandscapeCorridors_CZandNoPied,TYPE,-1,-1,SoVa_corridors_and_nodes,TYPE,-1,-1;CORRIDORID CORRIDORID true false false 19 Double 0 0 ,First,#,LandscapeCorridors_CZandNoPied,CORRIDORID,-1,-1,SoVa_corridors_and_nodes,CORRIDORID,-1,-1;NODEID NODEID true false false 19 Double 0 0 ,First,#,LandscapeCorridors_CZandNoPied,NODEID,-1,-1,SoVa_corridors_and_nodes,NODEID,-1,-1;COREID COREID true false false 9 Long 0 9 ,First,#,LandscapeCorridors_CZandNoPied,COREID,-1,-1,SoVa_corridors_and_nodes,COREID,-1,-1;EndCore1 EndCore1 true false false 9 Long 0 9 ,First,#,LandscapeCorridors_CZandNoPied,EndCore1,-1,-1,SoVa_corridors_and_nodes,EndCore1,-1,-1;EndCore2 EndCore2 true false false 9 Long 0 9 ,First,#,LandscapeCorridors_CZandNoPied,EndCore2,-1,-1,SoVa_corridors_and_nodes,EndCore2,-1,-1"</Process><Process Name="Merge_6" ToolSource="C:\Program Files\ArcGIS\ArcToolbox\Toolboxes\Data Management Tools.tbx\Merge" Date="20080123" Time="123727">Merge LandscapeCorridors_CZandNoPiedandSoVa;NWVa_corridors_and_nodes C:\WorkSpace\lcp\LandscapeCorridors_CZandNoPiedandSoVaandNWVa.shp "TYPE TYPE true false false 10 Text 0 0 ,First,#,LandscapeCorridors_CZandNoPiedandSoVa,TYPE,-1,-1,NWVa_corridors_and_nodes,Type,-1,-1;CORRIDORID CORRIDORID true false false 19 Double 0 0 ,First,#,LandscapeCorridors_CZandNoPiedandSoVa,CORRIDORID,-1,-1,NWVa_corridors_and_nodes,CORRIDORID,-1,-1;NODEID NODEID true false false 19 Double 0 0 ,First,#,LandscapeCorridors_CZandNoPiedandSoVa,NODEID,-1,-1,NWVa_corridors_and_nodes,NODEID,-1,-1;COREID COREID true false false 9 Long 0 9 ,First,#,LandscapeCorridors_CZandNoPiedandSoVa,COREID,-1,-1,NWVa_corridors_and_nodes,COREID,-1,-1;EndCore1 EndCore1 true false false 9 Long 0 9 ,First,#,LandscapeCorridors_CZandNoPiedandSoVa,EndCore1,-1,-1,NWVa_corridors_and_nodes,EndCore1,-1,-1;EndCore2 EndCore2 true false false 9 Long 0 9 ,First,#,LandscapeCorridors_CZandNoPiedandSoVa,EndCore2,-1,-1,NWVa_corridors_and_nodes,EndCore2,-1,-1"</Process><Process Name="Merge_7" ToolSource="C:\Program Files\ArcGIS\ArcToolbox\Toolboxes\Data Management Tools.tbx\Merge" Date="20080129" Time="120658">Merge LandscapeCorridors_CZandNoPiedandSoVaandNWVa;SWVa_corridors_and_nodes C:\WorkSpace\lcp\LandscapeCorridors_ALL.shp "TYPE TYPE true false false 10 Text 0 0 ,First,#,LandscapeCorridors_CZandNoPiedandSoVaandNWVa,TYPE,-1,-1,SWVa_corridors_and_nodes,TYPE,-1,-1;CORRIDORID CORRIDORID true false false 19 Double 0 0 ,First,#,LandscapeCorridors_CZandNoPiedandSoVaandNWVa,CORRIDORID,-1,-1,SWVa_corridors_and_nodes,CORRIDORID,-1,-1;NODEID NODEID true false false 19 Double 0 0 ,First,#,LandscapeCorridors_CZandNoPiedandSoVaandNWVa,NODEID,-1,-1,SWVa_corridors_and_nodes,NODEID,-1,-1;COREID COREID true false false 9 Long 0 9 ,First,#,LandscapeCorridors_CZandNoPiedandSoVaandNWVa,COREID,-1,-1,SWVa_corridors_and_nodes,COREID,-1,-1;EndCore1 EndCore1 true false false 9 Long 0 9 ,First,#,LandscapeCorridors_CZandNoPiedandSoVaandNWVa,EndCore1,-1,-1,SWVa_corridors_and_nodes,EndCore1,-1,-1;EndCore2 EndCore2 true false false 9 Long 0 9 ,First,#,LandscapeCorridors_CZandNoPiedandSoVaandNWVa,EndCore2,-1,-1,SWVa_corridors_and_nodes,EndCore2,-1,-1"</Process></lineage></DataProperties><MetaID>{E46C86D3-1BF9-4227-B4B3-23C94A594E48}</MetaID></Esri><idinfo><native Sync="TRUE">Microsoft Windows XP Version 5.1 (Build 2600) Service Pack 2; ESRI ArcCatalog 9.2.2.1350</native><descript><langdata Sync="TRUE">en</langdata><abstract>The Natural Landscape Assessment (NLA), a component of the Virginia Conservation Lands Needs Assessment (VCLNA), is a landscape-scale GIS analysis for identifying, prioritizing, and linking natural habitats in Virginia. Using land cover data derived from satellite imagery, the NLA identifies unfragmented natural habitats called cores, large patches of natural land cover (mainly upland forests and forested wetlands statewide, but also marshes, beaches, and dunes in the coastal plain) with at least 100 acres of interior conditions. Large, medium, and small cores have been identified (see definitions in attribute section), along with a smaller feature type called "habitat fragments" that may be important in the more urban localities. Cores provide habitat for a wide ranges of species, from forest interior-dependent to habitat-generalist species, as well as species that utilize marsh, dune, and beach habitats. Cores also provide benefits in terms of open space, recreation, water quality (including drinking water protection), and carbon sequestration, along with the associated economic benefits of these functions. </abstract><purpose>The NLA generates fundamental ecological data layer for land and natural resources conservation in Virginia. </purpose></descript><citation><citeinfo><origin>Virginia Department of Conservation and Recreation</origin><pubdate>20071102</pubdate><title>Virginia Natural Landscape Assessment -- Coastal Zone Corridors and Nodes</title><ftname Sync="TRUE">LandscapeCorridors_ALL</ftname><geoform Sync="TRUE">vector digital data</geoform><onlink Sync="TRUE">\\WS962\C$\WorkSpace\lcp\LandscapeCorridors_ALL.shp</onlink></citeinfo></citation><timeperd><current>ground condition</current><timeinfo><sngdate><caldate>circa 2000</caldate></sngdate></timeinfo></timeperd><status><progress>In work</progress><update>As needed</update></status><spdom><bounding><westbc Sync="TRUE">-80.706488</westbc><eastbc Sync="TRUE">-75.230025</eastbc><northbc Sync="TRUE">39.463312</northbc><southbc Sync="TRUE">36.430528</southbc></bounding><lboundng><leftbc Sync="TRUE">-103833.136800</leftbc><rightbc Sync="TRUE">367724.066590</rightbc><bottombc Sync="TRUE">55940.745652</bottombc><topbc Sync="TRUE">384380.750565</topbc></lboundng></spdom><keywords><theme><themekey>Virginia Natural Landscape Assessment</themekey><themekey>VaNLA</themekey></theme></keywords><accconst>REQUIRED: Restrictions and legal prerequisites for accessing the data set.</accconst><useconst>REQUIRED: Restrictions and legal prerequisites for using the data set after access is granted.</useconst><natvform Sync="TRUE">Shapefile</natvform><ptcontac><cntinfo><cntperp><cntper>Joseph T. Weber </cntper><cntorg>Department of Conservation and Recreation </cntorg></cntperp><cntpos>Natural Heritage GIS Projects Manager/Conservation Biologist </cntpos><cntvoice>(804) 371-2545 </cntvoice><cntfax>(804) 371-2674 </cntfax><cntemail>joseph.weber@dcr.virginia.gov </cntemail><hours>7:30 AM - 4:15 PM </hours></cntinfo></ptcontac></idinfo><dataIdInfo><envirDesc Sync="TRUE">Microsoft Windows XP Version 5.1 (Build 2600) Service Pack 2; ESRI ArcCatalog 9.2.2.1350</envirDesc><dataLang><languageCode Sync="TRUE" value="en"></languageCode></dataLang><idCitation><resTitle Sync="TRUE">LandscapeCorridors_ALL</resTitle><presForm><PresFormCd Sync="TRUE" value="005"></PresFormCd></presForm></idCitation><spatRpType><SpatRepTypCd Sync="TRUE" value="001"></SpatRepTypCd></spatRpType><dataExt><geoEle><GeoBndBox esriExtentType="native"><westBL Sync="TRUE">-103833.1368</westBL><eastBL Sync="TRUE">367724.06659</eastBL><northBL Sync="TRUE">384380.750565</northBL><southBL Sync="TRUE">55940.745652</southBL><exTypeCode Sync="TRUE">1</exTypeCode></GeoBndBox></geoEle></dataExt><geoBox esriExtentType="decdegrees"><westBL Sync="TRUE">-80.706488</westBL><eastBL Sync="TRUE">-75.230025</eastBL><northBL Sync="TRUE">39.463312</northBL><southBL Sync="TRUE">36.430528</southBL><exTypeCode Sync="TRUE">1</exTypeCode></geoBox></dataIdInfo><metainfo><langmeta Sync="TRUE">en</langmeta><metstdn Sync="TRUE">FGDC Content Standards for Digital Geospatial Metadata</metstdn><metstdv Sync="TRUE">FGDC-STD-001-1998</metstdv><mettc Sync="TRUE">local time</mettc><metc><cntinfo><cntorgp><cntper>Joseph T. Weber </cntper><cntorg>Department of Conservation and Recreation </cntorg></cntorgp><cntaddr><addrtype>REQUIRED: The mailing and/or physical address for the organization or individual.</addrtype><city>REQUIRED: The city of the address.</city><state>REQUIRED: The state or province of the address.</state><postal>REQUIRED: The ZIP or other postal code of the address.</postal></cntaddr><cntvoice>(804) 371-2545 </cntvoice><cntpos>Natural Heritage GIS Projects Manager/Conservation Biologist </cntpos><cntfax>(804) 371-2674 </cntfax><cntemail>joseph.weber@dcr.virginia.gov </cntemail><hours>7:30 AM - 4:15 PM </hours></cntinfo></metc><metd Sync="TRUE">20080129</metd><metextns><onlink Sync="TRUE">http://www.esri.com/metadata/esriprof80.html</onlink><metprof Sync="TRUE">ESRI Metadata Profile</metprof></metextns></metainfo><mdLang><languageCode Sync="TRUE" value="en"></languageCode></mdLang><mdStanName Sync="TRUE">ISO 19115 Geographic Information - Metadata</mdStanName><mdStanVer Sync="TRUE">DIS_ESRI1.0</mdStanVer><mdChar><CharSetCd Sync="TRUE" value="004"></CharSetCd></mdChar><mdHrLv><ScopeCd Sync="TRUE" value="005"></ScopeCd></mdHrLv><mdHrLvName Sync="TRUE">dataset</mdHrLvName><distinfo><resdesc Sync="TRUE">Downloadable Data</resdesc><stdorder><digform><digtinfo><transize Sync="TRUE">0.000</transize><dssize Sync="TRUE">0.000</dssize></digtinfo></digform></stdorder><distliab>Although all data referred to in this documentation have been used by VADCR, no warranty, expressed or implied, is made by VADCR or the original data sources as to the accuracy of the data. The act of distribution shall not constitute any such warranty, and no responsibility is assumed by VADCR in the use of these data. Users must assume responsibility to determine appropriate use of these data.  VaNLA feature boundaries are not to be used for legal definitions of these areas. Please contact the proper agency or organization with questions concerning ancillary data sets used in, but not created by, the VaNLA. The re-distribution of this dataset for profit is prohibited.</distliab></distinfo><distInfo><distributor><distorTran><onLineSrc><orDesc Sync="TRUE">002</orDesc><linkage Sync="TRUE">file://\\WS962\C$\WorkSpace\lcp\LandscapeCorridors_ALL.shp</linkage><protocol Sync="TRUE">Local Area Network</protocol></onLineSrc><transSize Sync="TRUE">0.000</transSize></distorTran><distorFormat><formatName Sync="TRUE">Shapefile</formatName></distorFormat></distributor></distInfo><spdoinfo><direct Sync="TRUE">Vector</direct><ptvctinf><esriterm Name="LandscapeCorridors_ALL"><efeatyp Sync="TRUE">Simple</efeatyp><efeageom Sync="TRUE">Polygon</efeageom><esritopo Sync="TRUE">FALSE</esritopo><efeacnt Sync="TRUE">0</efeacnt><spindex Sync="TRUE">FALSE</spindex><linrefer Sync="TRUE">FALSE</linrefer></esriterm><sdtsterm Name="LandscapeCorridors_ALL"><sdtstype Sync="TRUE">G-polygon</sdtstype><ptvctcnt Sync="TRUE">0</ptvctcnt></sdtsterm></ptvctinf></spdoinfo><spref><horizsys><cordsysn><geogcsn Sync="TRUE">GCS_North_American_1983</geogcsn><projcsn Sync="TRUE">NAD_1983_Lambert_Conformal_Conic</projcsn></cordsysn><planar><planci><plance Sync="TRUE">coordinate pair</plance><plandu Sync="TRUE">meters</plandu><coordrep><absres Sync="TRUE">0.000000</absres><ordres Sync="TRUE">0.000000</ordres></coordrep></planci><mapproj><mapprojn Sync="TRUE">Lambert Conformal Conic</mapprojn><lambertc><stdparll Sync="TRUE">37.000000</stdparll><stdparll Sync="TRUE">39.500000</stdparll><longcm Sync="TRUE">-79.500000</longcm><latprjo Sync="TRUE">36.000000</latprjo><feast Sync="TRUE">0.000000</feast><fnorth Sync="TRUE">0.000000</fnorth></lambertc></mapproj></planar><geodetic><horizdn Sync="TRUE">North American Datum of 1983</horizdn><ellips Sync="TRUE">Geodetic Reference System 80</ellips><semiaxis Sync="TRUE">6378137.000000</semiaxis><denflat Sync="TRUE">298.257222</denflat></geodetic></horizsys></spref><refSysInfo><RefSystem><refSysID><identCode Sync="TRUE">NAD_1983_Lambert_Conformal_Conic</identCode></refSysID></RefSystem></refSysInfo><spatRepInfo><VectSpatRep><topLvl><TopoLevCd Sync="TRUE" value="001"></TopoLevCd></topLvl><geometObjs Name="LandscapeCorridors_ALL"><geoObjTyp><GeoObjTypCd Sync="TRUE" value="001"></GeoObjTypCd></geoObjTyp><geoObjCnt Sync="TRUE">0</geoObjCnt></geometObjs></VectSpatRep></spatRepInfo><eainfo><detailed Name="LandscapeCorridors_ALL"><enttyp><enttypl Sync="TRUE">LandscapeCorridors_ALL</enttypl><enttypt Sync="TRUE">Feature Class</enttypt><enttypc Sync="TRUE">0</enttypc></enttyp><attr><attrlabl Sync="TRUE">FID</attrlabl><attalias Sync="TRUE">FID</attalias><attrtype Sync="TRUE">OID</attrtype><attwidth Sync="TRUE">4</attwidth><atprecis Sync="TRUE">0</atprecis><attscale Sync="TRUE">0</attscale><attrdef>This field contains the Internal Feature Number, a unique sequential number that is automatically generated by ArcGIS 9.1 software.</attrdef><attrdefs Sync="TRUE">ESRI</attrdefs><attrdomv><udom Sync="TRUE">Sequential unique whole numbers that are automatically generated.</udom></attrdomv></attr><attr><attrlabl Sync="TRUE">Shape</attrlabl><attalias Sync="TRUE">Shape</attalias><attrtype Sync="TRUE">Geometry</attrtype><attwidth Sync="TRUE">0</attwidth><atprecis Sync="TRUE">0</atprecis><attscale Sync="TRUE">0</attscale><attrdef>This field contains the feature geometry, the coordinates defining the features. </attrdef><attrdefs Sync="TRUE">ESRI</attrdefs><attrdomv><udom Sync="TRUE">Coordinates defining the features.</udom></attrdomv></attr><attr><attrlabl Sync="TRUE">TYPE</attrlabl><attalias Sync="TRUE">TYPE</attalias><attrtype Sync="TRUE">String</attrtype><attwidth Sync="TRUE">10</attwidth><attrdef>Type of feature -- corridor or node</attrdef></attr><attr><attrlabl Sync="TRUE">CORRIDORID</attrlabl><attalias Sync="TRUE">CORRIDORID</attalias><attrtype Sync="TRUE">Float</attrtype><attwidth Sync="TRUE">19</attwidth><atnumdec Sync="TRUE">11</atnumdec></attr><attr><attrlabl Sync="TRUE">NODEID</attrlabl><attalias Sync="TRUE">NODEID</attalias><attrtype Sync="TRUE">Float</attrtype><attwidth Sync="TRUE">19</attwidth><atnumdec Sync="TRUE">11</atnumdec></attr><attr><attrlabl Sync="TRUE">COREID</attrlabl><attalias Sync="TRUE">COREID</attalias><attrtype Sync="TRUE">Number</attrtype><attwidth Sync="TRUE">9</attwidth></attr><attr><attrlabl Sync="TRUE">EndCore1</attrlabl><attalias Sync="TRUE">EndCore1</attalias><attrtype Sync="TRUE">Number</attrtype><attwidth Sync="TRUE">9</attwidth></attr><attr><attrlabl Sync="TRUE">EndCore2</attrlabl><attalias Sync="TRUE">EndCore2</attalias><attrtype Sync="TRUE">Number</attrtype><attwidth Sync="TRUE">9</attwidth></attr><attr><attrlabl Sync="TRUE">NodeID</attrlabl><attalias Sync="TRUE">NodeID</attalias><attrtype Sync="TRUE">Number</attrtype><attwidth Sync="TRUE">9</attwidth><attrdef>Contains the node ID, which is equal to the core ID.</attrdef></attr><attr><attrlabl Sync="TRUE">CorridorID</attrlabl><attalias Sync="TRUE">CorridorID</attalias><attrtype Sync="TRUE">Number</attrtype><attwidth Sync="TRUE">9</attwidth><attrdef>Contains a unique identifing number for each corridor</attrdef></attr></detailed></eainfo><mdDateSt Sync="TRUE">20080129</mdDateSt><dataqual><lineage><procstep><procdesc>The study area includes the entire commonwealth of Virginia and a 20-mile buffer around the state.  This large buffer was selected to prevent truncation of cores and corridors that cross the state boundary and to facilitate edge matching to similar projects conducted in adjacent states.

The Virginia Department of Conservation and Recreation contracted with the University of Maryland (UMD) to develop a land cover layer for the entire state from Landsat Thematic Mapper satellite imagery.  The final product, named RESAC 2000, was derived from imagery dating from 1999 to 2001.  RESAC 2000 has 21 classes, nine of which represent natural land covers:  Barren, Deciduous Forests, Evergreen Forests, Mixed Forests, Deciduous Wooded Wetlands, Evergreen Wooded Wetlands,  Emergent Herbaceous Wetlands, Mixed Wetlands, and Natural Grass.  An overall thematic accuracy of 90% was reported for this layer.  The resolution of this layer is 30-meters, square.

The RESAC 2000 layer had only a very small buffer around the state, ergo additional imagery was acquired for coverage of the entire study area.  Imagery from the Chesapeake Bay Resource Lands Assessment (also developed by UMD), National Land Cover Data (NLCD) 2001, and one piece of NLCD 1992 were merged to RESAC 2000.  The NLCD classifications were cross-walked to match RESAC 2000 and all images were projected to Lambert Conformal Conic before merging.

Despite the high reported accuracy of RESAC 2000, there were several important classification errors that needed to be corrected.  An accuracy assessment utilizing a five-percent random sample of the Natural Grass class revealed that it almost always represented hayfield or pasture, therefore this class was reclassified to agriculture.  There were also maritime grass communities and marshes that were misclassified  as agriculture.  The marshes were corrected using National Wetlands Inventory (NWI) data, after excluding farmed wetlands, and the maritime grasses were reclassified to a new class of the same name using high-resolution photography to confirm the occurrences were not agriculture.  Beaches and dune areas were in the Barren class of RESAC 2000.  In order to extract these important natural land covers, undeveloped beaches and dunes were digitized from high-resolution aerial photography dated 2002 (Virginia Base Mapping Program) and the resulting polygons were used to reclassify these areas to a new class named Undeveloped Beaches/Dunes.  The resulting layer is known as VANLA Land Cover.

The VANLA Land Cover was used to develop the VANLA cores, which are defined for this analysis as patches of natural cover containing at least 100 acres of interior cover.  Interior cover begins 100 meters inward from the patch edge.  This 100-meters buffer constitutes the abiotic transition zone following the "three-tree-height" rule (Harris 1984), since fully mature forests in Virginia reach maximum height around 33 meters.

The first step in the core development process was to assemble a fragmentation layer that included spatial data for powerlines, pipelines, railroads, and roads.  This layer was used to fragment the VANLA Land Cover, thus making a better approximation of the fragmentation in the landscape.  Anthropogenic land covers were excluded from the analysis at this point by extracting from the fragmented land cover layer only the following classes and then classifying them as natural cover:  Deciduous Forests, Evergreen Forests, Mixed forests, Deciduous Wooded Wetlands, Evergreen Wooded Wetlands,  Emergent Herbaceous Wetlands, Mixed Wetlands, Undeveloped Beaches/Dunes, and Maritime Grasses.  One pixel width of near-shore open water was added back from the fragmented land cover to the natural cover layer.  This prevented narrow stretches of open water less than 60 meters across (two pixel widths) from splitting a core into two or more smaller patches.  The interior areas of the patches in the natural cover layer were identified by using distance analysis to calculate the 100-meter abiotic transition zone of each patch.  Interior areas greater than or equal to 10 acres were then identified; all patches not meeting this criterion were excluded from further analysis.  The abiotic transition zone was added back to the remaining interior areas.  These patches were then classified into Large Cores if they had at least 10,000 acres of interior cover, Medium Cores if they had 1,000 to 9,999 acres of interior cover, Small Cores if they had 100 to 999 acres of interior cover, and Habitat Fragments if they had 10 to 99 acres of interior cover.  The Habitat Fragments feature type resulted from a pilot study for the VANLA completed in 2004 (Weber &amp; Carter-Lovejoy) which revealed that the 100-acres minimum interior size for cores was too restrictive for urban and some suburban localities.  These features may contain natural heritage resources and have utility for recreation, open space, and storm water management, but they are too small or narrow to provide many of the other benefits of cores.

Analyses were performed to add many prioritization attributes to the cores and habitat fragments layer.  Definitions and justifications for each of these prioritization attributes can be found in the attributes section of these metadata.</procdesc><date Sync="TRUE">20061107</date><time Sync="TRUE">15183400</time></procstep><procstep><procdesc Sync="TRUE">Dataset copied.</procdesc><srcused Sync="TRUE"></srcused><date Sync="TRUE">20061214</date><time Sync="TRUE">16040100</time></procstep><procstep><procdesc Sync="TRUE">Dataset copied.</procdesc><srcused Sync="TRUE"></srcused><date Sync="TRUE">20070110</date><time Sync="TRUE">14472200</time></procstep><procstep><procdesc Sync="TRUE">Dataset copied.</procdesc><srcused Sync="TRUE"></srcused><date Sync="TRUE">20070315</date><time Sync="TRUE">16061800</time></procstep><procstep><procdesc Sync="TRUE">Dataset copied.</procdesc><srcused Sync="TRUE"></srcused><date Sync="TRUE">20070406</date><time Sync="TRUE">16303000</time></procstep><procstep><procdesc Sync="TRUE">Dataset copied.</procdesc><srcused Sync="TRUE"></srcused><date Sync="TRUE">20070502</date><time Sync="TRUE">20163000</time></procstep><procstep><procdesc Sync="TRUE">Dataset copied.</procdesc><srcused Sync="TRUE"></srcused><date Sync="TRUE">20070503</date><time Sync="TRUE">19182700</time></procstep><procstep><procdesc Sync="TRUE">Dataset copied.</procdesc><srcused Sync="TRUE"></srcused><date Sync="TRUE">20070507</date><time Sync="TRUE">08044300</time></procstep><procstep><procdesc Sync="TRUE">Dataset copied.</procdesc><srcused Sync="TRUE"></srcused><date Sync="TRUE">20070509</date><time Sync="TRUE">15304400</time></procstep><procstep><procdesc Sync="TRUE">Dataset copied.</procdesc><srcused Sync="TRUE"></srcused><date Sync="TRUE">20070622</date><time Sync="TRUE">14164000</time></procstep><procstep><procdesc Sync="TRUE">Dataset copied.</procdesc><srcused Sync="TRUE"></srcused><date Sync="TRUE">20070625</date><time Sync="TRUE">13281500</time></procstep><procstep><procdesc Sync="TRUE">Dataset copied.</procdesc><srcused Sync="TRUE"></srcused><date Sync="TRUE">20070625</date><time Sync="TRUE">13395000</time></procstep><procstep><procdesc Sync="TRUE">Dataset copied.</procdesc><srcused Sync="TRUE"></srcused><date Sync="TRUE">20071102</date><time Sync="TRUE">12365000</time></procstep><procstep><procdesc Sync="TRUE">Dataset copied.</procdesc><srcused Sync="TRUE"></srcused><date Sync="TRUE">20071102</date><time Sync="TRUE">13415300</time></procstep><procstep><procdesc Sync="TRUE">Dataset copied.</procdesc><srcused Sync="TRUE"></srcused><date Sync="TRUE">20071102</date><time Sync="TRUE">14083900</time></procstep><procstep><procdesc Sync="TRUE">Dataset copied.</procdesc><srcused Sync="TRUE"></srcused><date Sync="TRUE">20071210</date><time Sync="TRUE">10161000</time></procstep><procstep><procdesc Sync="TRUE">Dataset copied.</procdesc><srcused Sync="TRUE"></srcused><date Sync="TRUE">20071210</date><time Sync="TRUE">15491600</time></procstep><procstep><procdesc Sync="TRUE">Dataset copied.</procdesc><srcused Sync="TRUE"></srcused><date Sync="TRUE">20071211</date><time Sync="TRUE">08061600</time></procstep></lineage></dataqual></metadata>
