<metadata xml:lang="en"><Esri><CreaDate>20160226</CreaDate><CreaTime>15524100</CreaTime><ArcGISFormat>1.0</ArcGISFormat><ArcGISstyle>FGDC CSDGM Metadata</ArcGISstyle><SyncOnce>FALSE</SyncOnce><DataProperties><itemProps><itemName Sync="TRUE">hu_vanwbd6p_v5</itemName><imsContentType Sync="TRUE">002</imsContentType><nativeExtBox><westBL Sync="TRUE">-179.229655</westBL><eastBL Sync="TRUE">179.856675</eastBL><southBL Sync="TRUE">-14.424695</southBL><northBL Sync="TRUE">71.439573</northBL><exTypeCode Sync="TRUE">1</exTypeCode></nativeExtBox><itemLocation><linkage Sync="TRUE">file://\\coveneg20-nas01\shared\DIVWRK\SWC\SWMDataGrp\gis\hu\nwbd\version5\shapefiles\hu_vanwbd6p_v5.shp</linkage><protocol Sync="TRUE">Local Area Network</protocol></itemLocation><itemSize Sync="TRUE">0.000</itemSize></itemProps><coordRef><type Sync="TRUE">Projected</type><geogcsn Sync="TRUE">GCS_North_American_1983</geogcsn><csUnits Sync="TRUE">Linear Unit: Meter (1.000000)</csUnits><peXml Sync="TRUE">&lt;ProjectedCoordinateSystem xsi:type='typens:ProjectedCoordinateSystem' xmlns:xsi='http://www.w3.org/2001/XMLSchema-instance' xmlns:xs='http://www.w3.org/2001/XMLSchema' xmlns:typens='http://www.esri.com/schemas/ArcGIS/10.3'&gt;&lt;WKT&gt;PROJCS[&amp;quot;NAD_1983_Virginia_Lambert&amp;quot;,GEOGCS[&amp;quot;GCS_North_American_1983&amp;quot;,DATUM[&amp;quot;D_North_American_1983&amp;quot;,SPHEROID[&amp;quot;GRS_1980&amp;quot;,6378137.0,298.257222101]],PRIMEM[&amp;quot;Greenwich&amp;quot;,0.0],UNIT[&amp;quot;Degree&amp;quot;,0.0174532925199433]],PROJECTION[&amp;quot;Lambert_Conformal_Conic&amp;quot;],PARAMETER[&amp;quot;False_Easting&amp;quot;,0.0],PARAMETER[&amp;quot;False_Northing&amp;quot;,0.0],PARAMETER[&amp;quot;Central_Meridian&amp;quot;,-79.5],PARAMETER[&amp;quot;Standard_Parallel_1&amp;quot;,37.0],PARAMETER[&amp;quot;Standard_Parallel_2&amp;quot;,39.5],PARAMETER[&amp;quot;Latitude_Of_Origin&amp;quot;,36.0],UNIT[&amp;quot;Meter&amp;quot;,1.0],AUTHORITY[&amp;quot;EPSG&amp;quot;,3968]]&lt;/WKT&gt;&lt;XOrigin&gt;-37232800&lt;/XOrigin&gt;&lt;YOrigin&gt;-28884600&lt;/YOrigin&gt;&lt;XYScale&gt;120957855.10008635&lt;/XYScale&gt;&lt;ZOrigin&gt;-100000&lt;/ZOrigin&gt;&lt;ZScale&gt;10000&lt;/ZScale&gt;&lt;MOrigin&gt;-100000&lt;/MOrigin&gt;&lt;MScale&gt;10000&lt;/MScale&gt;&lt;XYTolerance&gt;0.001&lt;/XYTolerance&gt;&lt;ZTolerance&gt;0.001&lt;/ZTolerance&gt;&lt;MTolerance&gt;0.001&lt;/MTolerance&gt;&lt;HighPrecision&gt;true&lt;/HighPrecision&gt;&lt;WKID&gt;3968&lt;/WKID&gt;&lt;LatestWKID&gt;3968&lt;/LatestWKID&gt;&lt;/ProjectedCoordinateSystem&gt;</peXml><projcsn Sync="TRUE">NAD_1983_Virginia_Lambert</projcsn></coordRef><lineage><Process ToolSource="C:\Program Files (x86)\ArcGIS\Desktop10.0\ArcToolbox\Toolboxes\Conversion Tools.tbx\FeatureClassToFeatureClass" Date="20140328" Time="095222">FeatureClassToFeatureClass C:\WBD\Archives\2014_March11\WBD_National\WBD_National.gdb\WBD\WBDHU12 C:\WBD\Archives\2014_March11\ftp\WBDHU12_Mar2014.gdb WBDHU12 # "TNMID "TNMID" true true false 40 Text 0 0 ,First,#,C:\WBD\Archives\2014_March11\WBD_National\WBD_National.gdb\WBD\WBDHU12,TNMID,-1,-1;MetaSourceID "MetaSourceID" true true false 40 Text 0 0 ,First,#,C:\WBD\Archives\2014_March11\WBD_National\WBD_National.gdb\WBD\WBDHU12,MetaSourceID,-1,-1;SourceDataDesc "SourceDataDesc" true true false 100 Text 0 0 ,First,#,C:\WBD\Archives\2014_March11\WBD_National\WBD_National.gdb\WBD\WBDHU12,SourceDataDesc,-1,-1;SourceOriginator "SourceOriginator" true true false 130 Text 0 0 ,First,#,C:\WBD\Archives\2014_March11\WBD_National\WBD_National.gdb\WBD\WBDHU12,SourceOriginator,-1,-1;SourceFeatureID "SourceFeatureID" true true false 40 Text 0 0 ,First,#,C:\WBD\Archives\2014_March11\WBD_National\WBD_National.gdb\WBD\WBDHU12,SourceFeatureID,-1,-1;LoadDate "LoadDate" true true false 8 Date 0 0 ,First,#,C:\WBD\Archives\2014_March11\WBD_National\WBD_National.gdb\WBD\WBDHU12,LoadDate,-1,-1;GNIS_ID "GNIS_ID" true true false 4 Long 0 0 ,First,#,C:\WBD\Archives\2014_March11\WBD_National\WBD_National.gdb\WBD\WBDHU12,GNIS_ID,-1,-1;AreaAcres "AreaAcres" true true false 8 Double 0 0 ,First,#,C:\WBD\Archives\2014_March11\WBD_National\WBD_National.gdb\WBD\WBDHU12,AreaAcres,-1,-1;AreaSqKm "AreaSqKm" true true false 8 Double 0 0 ,First,#,C:\WBD\Archives\2014_March11\WBD_National\WBD_National.gdb\WBD\WBDHU12,AreaSqKm,-1,-1;States "States" true true false 50 Text 0 0 ,First,#,C:\WBD\Archives\2014_March11\WBD_National\WBD_National.gdb\WBD\WBDHU12,States,-1,-1;HUC12 "HUC12" true true false 12 Text 0 0 ,First,#,C:\WBD\Archives\2014_March11\WBD_National\WBD_National.gdb\WBD\WBDHU12,HUC12,-1,-1;Name "Name" true true false 120 Text 0 0 ,First,#,C:\WBD\Archives\2014_March11\WBD_National\WBD_National.gdb\WBD\WBDHU12,Name,-1,-1;HUType "HUType" true true false 255 Text 0 0 ,First,#,C:\WBD\Archives\2014_March11\WBD_National\WBD_National.gdb\WBD\WBDHU12,HUType,-1,-1;HUMod "HUMod" true true false 30 Text 0 0 ,First,#,C:\WBD\Archives\2014_March11\WBD_National\WBD_National.gdb\WBD\WBDHU12,HUMod,-1,-1;ToHUC "ToHUC" true true false 16 Text 0 0 ,First,#,C:\WBD\Archives\2014_March11\WBD_National\WBD_National.gdb\WBD\WBDHU12,ToHUC,-1,-1;NonContributingAcres "NonContributingAcres" true true false 8 Double 0 0 ,First,#,C:\WBD\Archives\2014_March11\WBD_National\WBD_National.gdb\WBD\WBDHU12,NonContributingAcres,-1,-1;NonContributingSqKm "NonContributingSqKm" true true false 8 Double 0 0 ,First,#,C:\WBD\Archives\2014_March11\WBD_National\WBD_National.gdb\WBD\WBDHU12,NonContributingSqKm,-1,-1;Shape_Length "Shape_Length" false true true 8 Double 0 0 ,First,#,C:\WBD\Archives\2014_March11\WBD_National\WBD_National.gdb\WBD\WBDHU12,Shape_Length,-1,-1;Shape_Area "Shape_Area" false true true 8 Double 0 0 ,First,#,C:\WBD\Archives\2014_March11\WBD_National\WBD_National.gdb\WBD\WBDHU12,Shape_Area,-1,-1" #</Process><Process ToolSource="c:\program files (x86)\arcgis\desktop10.2\ArcToolbox\Toolboxes\Data Management Tools.tbx\CalculateField" Date="20140908" Time="101609">CalculateField hu12p GNIS_ID 2 VB #</Process><Process ToolSource="c:\program files (x86)\arcgis\desktop10.2\ArcToolbox\Toolboxes\Data Management Tools.tbx\CalculateField" Date="20140908" Time="101853">CalculateField hu12p GNIS_ID 2 VB #</Process><Process ToolSource="c:\program files (x86)\arcgis\desktop10.2\ArcToolbox\Toolboxes\Data Management Tools.tbx\CalculateField" Date="20140908" Time="102202">CalculateField hu12p GNIS_ID 2 VB #</Process><Process ToolSource="c:\program files (x86)\arcgis\desktop10.2\ArcToolbox\Toolboxes\Data Management Tools.tbx\CalculateField" Date="20140908" Time="102349">CalculateField hu12p GNIS_ID 2 VB #</Process><Process ToolSource="c:\program files (x86)\arcgis\desktop10.2\ArcToolbox\Toolboxes\Data Management Tools.tbx\CalculateField" Date="20140908" Time="102534">CalculateField hu12p GNIS_ID 2 VB #</Process><Process ToolSource="c:\program files (x86)\arcgis\desktop10.2\ArcToolbox\Toolboxes\Data Management Tools.tbx\CalculateField" Date="20140908" Time="102656">CalculateField hu12p GNIS_ID 2 VB #</Process><Process ToolSource="c:\program files (x86)\arcgis\desktop10.2\ArcToolbox\Toolboxes\Data Management Tools.tbx\CalculateField" Date="20140908" Time="102827">CalculateField hu12p GNIS_ID 2 VB #</Process><Process ToolSource="c:\program files (x86)\arcgis\desktop10.2\ArcToolbox\Toolboxes\Data Management Tools.tbx\CalculateField" Date="20140908" Time="102930">CalculateField hu12p GNIS_ID 2 VB #</Process><Process ToolSource="c:\program files (x86)\arcgis\desktop10.2\ArcToolbox\Toolboxes\Data Management Tools.tbx\CalculateField" Date="20140908" Time="103041">CalculateField hu12p GNIS_ID 2 VB #</Process><Process ToolSource="c:\program files (x86)\arcgis\desktop10.2\ArcToolbox\Toolboxes\Data Management Tools.tbx\CalculateField" Date="20140908" Time="103927">CalculateField hu12p GNIS_ID 2 VB #</Process><Process ToolSource="c:\program files (x86)\arcgis\desktop10.2\ArcToolbox\Toolboxes\Data Management Tools.tbx\CalculateField" Date="20140908" Time="104008">CalculateField hu12p GNIS_ID 2 VB #</Process><Process ToolSource="c:\program files (x86)\arcgis\desktop10.2\ArcToolbox\Toolboxes\Data Management Tools.tbx\CalculateField" Date="20140908" Time="105338">CalculateField hu12p GNIS_ID 3 VB #</Process><Process ToolSource="c:\program files (x86)\arcgis\desktop10.2\ArcToolbox\Toolboxes\Data Management Tools.tbx\CalculateField" Date="20140908" Time="105428">CalculateField hu12p GNIS_ID 3 VB #</Process><Process ToolSource="c:\program files (x86)\arcgis\desktop10.2\ArcToolbox\Toolboxes\Data Management Tools.tbx\CalculateField" Date="20150827" Time="151006">CalculateField reg12p NonContributingAcres 97 VB #</Process><Process ToolSource="c:\program files (x86)\arcgis\desktop10.2\ArcToolbox\Toolboxes\Data Management Tools.tbx\CalculateField" Date="20150827" Time="151242">CalculateField reg12p NonContributingAcres 98 VB #</Process><Process ToolSource="c:\program files (x86)\arcgis\desktop10.2\ArcToolbox\Toolboxes\Data Management Tools.tbx\CalculateField" Date="20160226" Time="162334">CalculateField npsareg12 HUC12 [HUC12_1] VB #</Process><Process ToolSource="c:\program files (x86)\arcgis\desktop10.2\ArcToolbox\Toolboxes\Data Management Tools.tbx\CalculateField" Date="20160226" Time="172254">CalculateField npsareg12 BorderType "External" VB #</Process><Process ToolSource="c:\program files (x86)\arcgis\desktop10.2\ArcToolbox\Toolboxes\Data Management Tools.tbx\CalculateField" Date="20160226" Time="172415">CalculateField npsareg12 States "NC" VB #</Process><Process ToolSource="c:\program files (x86)\arcgis\desktop10.2\ArcToolbox\Toolboxes\Data Management Tools.tbx\CalculateField" Date="20160229" Time="125801">CalculateField npsareg12 VAHU6 " " VB #</Process><Process ToolSource="c:\program files (x86)\arcgis\desktop10.2\ArcToolbox\Toolboxes\Data Management Tools.tbx\CalculateField" Date="20160229" Time="130720">CalculateField npsareg12 HUType "Standard" VB #</Process><Process ToolSource="c:\program files (x86)\arcgis\desktop10.2\ArcToolbox\Toolboxes\Data Management Tools.tbx\CalculateField" Date="20160229" Time="130742">CalculateField npsareg12 HUMod "NM" VB #</Process><Process ToolSource="c:\program files (x86)\arcgis\desktop10.2\ArcToolbox\Toolboxes\Data Management Tools.tbx\CalculateField" Date="20160307" Time="144814">CalculateField hu_fullextent_v5 HULocation ""Internal'"" VB #</Process><Process ToolSource="c:\program files (x86)\arcgis\desktop10.2\ArcToolbox\Toolboxes\Data Management Tools.tbx\CalculateField" Date="20160307" Time="144834">CalculateField hu_fullextent_v5 HULocation "Internal" VB #</Process><Process ToolSource="c:\program files (x86)\arcgis\desktop10.2\ArcToolbox\Toolboxes\Data Management Tools.tbx\CalculateField" Date="20160307" Time="145031">CalculateField hu_fullextent_v5 HULocation "External" VB #</Process><Process ToolSource="c:\program files (x86)\arcgis\desktop10.2\ArcToolbox\Toolboxes\Data Management Tools.tbx\CalculateField" Date="20160307" Time="145236">CalculateField hu_fullextent_v5 HULocation "Partiall" VB #</Process><Process ToolSource="c:\program files (x86)\arcgis\desktop10.2\ArcToolbox\Toolboxes\Data Management Tools.tbx\CalculateField" Date="20160307" Time="145420">CalculateField hu_fullextent_v5 HULocation "External" VB #</Process><Process ToolSource="c:\program files (x86)\arcgis\desktop10.2\ArcToolbox\Toolboxes\Data Management Tools.tbx\CalculateField" Date="20160427" Time="164541">CalculateField hu_fullextent_v5 V5edits "MOD" VB #</Process><Process ToolSource="c:\program files (x86)\arcgis\desktop10.2\ArcToolbox\Toolboxes\Data Management Tools.tbx\CalculateField" Date="20160427" Time="164730">CalculateField hu_fullextent_v5 V5edits "TOHUC" VB #</Process><Process ToolSource="c:\program files (x86)\arcgis\desktop10.3\ArcToolbox\Toolboxes\Data Management Tools.tbx\CalculateField" Date="20160720" Time="111534">CalculateField hu_vaxnwbd6p_v5 Location ""'External"" VB #</Process><Process ToolSource="c:\program files (x86)\arcgis\desktop10.3\ArcToolbox\Toolboxes\Data Management Tools.tbx\CalculateField" Date="20160720" Time="111555">CalculateField hu_vaxnwbd6p_v5 Location "External" VB #</Process><Process ToolSource="c:\program files (x86)\arcgis\desktop10.3\ArcToolbox\Toolboxes\Data Management Tools.tbx\CalculateField" Date="20160720" Time="111722">CalculateField hu_vaxnwbd6p_v5 Location "Internal" VB #</Process><Process ToolSource="c:\program files (x86)\arcgis\desktop10.3\ArcToolbox\Toolboxes\Data Management Tools.tbx\CalculateField" Date="20160720" Time="111911">CalculateField hu_vaxnwbd6p_v5 Location "Partial" VB #</Process><Process ToolSource="c:\program files (x86)\arcgis\desktop10.3\ArcToolbox\Toolboxes\Data Management Tools.tbx\CalculateField" Date="20160720" Time="135110">CalculateField hu_vaxnwbd6p_v5 Portion "VA" VB #</Process><Process ToolSource="c:\program files (x86)\arcgis\desktop10.3\ArcToolbox\Toolboxes\Data Management Tools.tbx\CalculateField" Date="20160720" Time="140226">CalculateField hu_vaxnwbd6p_v5 Portion "VA" VB #</Process><Process ToolSource="c:\program files (x86)\arcgis\desktop10.3\ArcToolbox\Toolboxes\Data Management Tools.tbx\CalculateField" Date="20160720" Time="140326">CalculateField hu_vaxnwbd6p_v5 Portion "NC" VB #</Process><Process ToolSource="c:\program files (x86)\arcgis\desktop10.3\ArcToolbox\Toolboxes\Data Management Tools.tbx\CalculateField" Date="20160720" Time="140446">CalculateField hu_vaxnwbd6p_v5 Portion "NC" VB #</Process><Process ToolSource="c:\program files (x86)\arcgis\desktop10.3\ArcToolbox\Toolboxes\Data Management Tools.tbx\CalculateField" Date="20160720" Time="140611">CalculateField hu_vaxnwbd6p_v5 Portion "VA" VB #</Process><Process ToolSource="c:\program files (x86)\arcgis\desktop10.3\ArcToolbox\Toolboxes\Data Management Tools.tbx\CalculateField" Date="20160720" Time="140647">CalculateField hu_vaxnwbd6p_v5 Portion "NC" VB #</Process><Process ToolSource="c:\program files (x86)\arcgis\desktop10.3\ArcToolbox\Toolboxes\Data Management Tools.tbx\CalculateField" Date="20160720" Time="140757">CalculateField hu_vaxnwbd6p_v5 Portion "NC" VB #</Process><Process ToolSource="c:\program files (x86)\arcgis\desktop10.3\ArcToolbox\Toolboxes\Data Management Tools.tbx\CalculateField" Date="20160720" Time="140828">CalculateField hu_vaxnwbd6p_v5 Portion "VA" VB #</Process><Process ToolSource="c:\program files (x86)\arcgis\desktop10.3\ArcToolbox\Toolboxes\Data Management Tools.tbx\CalculateField" Date="20160720" Time="141000">CalculateField hu_vaxnwbd6p_v5 Portion "NC" VB #</Process><Process ToolSource="c:\program files (x86)\arcgis\desktop10.3\ArcToolbox\Toolboxes\Data Management Tools.tbx\CalculateField" Date="20160720" Time="141026">CalculateField hu_vaxnwbd6p_v5 Portion "VA" VB #</Process><Process ToolSource="c:\program files (x86)\arcgis\desktop10.3\ArcToolbox\Toolboxes\Data Management Tools.tbx\CalculateField" Date="20160720" Time="141119">CalculateField hu_vaxnwbd6p_v5 Portion "VA" VB #</Process><Process ToolSource="c:\program files (x86)\arcgis\desktop10.3\ArcToolbox\Toolboxes\Data Management Tools.tbx\CalculateField" Date="20160720" Time="141318">CalculateField hu_vaxnwbd6p_v5 Portion "NC" VB #</Process><Process ToolSource="c:\program files (x86)\arcgis\desktop10.3\ArcToolbox\Toolboxes\Data Management Tools.tbx\CalculateField" Date="20160720" Time="141413">CalculateField hu_vaxnwbd6p_v5 Portion "NC" VB #</Process><Process ToolSource="c:\program files (x86)\arcgis\desktop10.3\ArcToolbox\Toolboxes\Data Management Tools.tbx\CalculateField" Date="20160720" Time="141431">CalculateField hu_vaxnwbd6p_v5 Portion "VA" VB #</Process><Process ToolSource="c:\program files (x86)\arcgis\desktop10.3\ArcToolbox\Toolboxes\Data Management Tools.tbx\CalculateField" Date="20160720" Time="141539">CalculateField hu_vaxnwbd6p_v5 Portion "NC" VB #</Process><Process ToolSource="c:\program files (x86)\arcgis\desktop10.3\ArcToolbox\Toolboxes\Data Management Tools.tbx\CalculateField" Date="20160720" Time="141603">CalculateField hu_vaxnwbd6p_v5 Portion "VA" VB #</Process><Process ToolSource="c:\program files (x86)\arcgis\desktop10.3\ArcToolbox\Toolboxes\Data Management Tools.tbx\CalculateField" Date="20160720" Time="142043">CalculateField hu_vaxnwbd6p_v5 Portion "VA" VB #</Process><Process ToolSource="c:\program files (x86)\arcgis\desktop10.3\ArcToolbox\Toolboxes\Data Management Tools.tbx\CalculateField" Date="20160720" Time="142109">CalculateField hu_vaxnwbd6p_v5 Portion "NC" VB #</Process><Process ToolSource="c:\program files (x86)\arcgis\desktop10.3\ArcToolbox\Toolboxes\Data Management Tools.tbx\CalculateField" Date="20160720" Time="142215">CalculateField hu_vaxnwbd6p_v5 Portion "VA" VB #</Process><Process ToolSource="c:\program files (x86)\arcgis\desktop10.3\ArcToolbox\Toolboxes\Data Management Tools.tbx\CalculateField" Date="20160720" Time="142243">CalculateField hu_vaxnwbd6p_v5 Portion "TN" VB #</Process><Process ToolSource="c:\program files (x86)\arcgis\desktop10.3\ArcToolbox\Toolboxes\Data Management Tools.tbx\CalculateField" Date="20160720" Time="142503">CalculateField hu_vaxnwbd6p_v5 Portion "TN" VB #</Process><Process ToolSource="c:\program files (x86)\arcgis\desktop10.3\ArcToolbox\Toolboxes\Data Management Tools.tbx\CalculateField" Date="20160720" Time="142522">CalculateField hu_vaxnwbd6p_v5 Portion "VA" VB #</Process><Process ToolSource="c:\program files (x86)\arcgis\desktop10.3\ArcToolbox\Toolboxes\Data Management Tools.tbx\CalculateField" Date="20160720" Time="142559">CalculateField hu_vaxnwbd6p_v5 Portion "TN" VB #</Process><Process ToolSource="c:\program files (x86)\arcgis\desktop10.3\ArcToolbox\Toolboxes\Data Management Tools.tbx\CalculateField" Date="20160720" Time="142713">CalculateField hu_vaxnwbd6p_v5 Portion "TN" VB #</Process><Process ToolSource="c:\program files (x86)\arcgis\desktop10.3\ArcToolbox\Toolboxes\Data Management Tools.tbx\CalculateField" Date="20160720" Time="142735">CalculateField hu_vaxnwbd6p_v5 Portion "VA" VB #</Process><Process ToolSource="c:\program files (x86)\arcgis\desktop10.3\ArcToolbox\Toolboxes\Data Management Tools.tbx\CalculateField" Date="20160720" Time="143130">CalculateField hu_vaxnwbd6p_v5 Portion "VA" VB #</Process><Process ToolSource="c:\program files (x86)\arcgis\desktop10.3\ArcToolbox\Toolboxes\Data Management Tools.tbx\CalculateField" Date="20160720" Time="143148">CalculateField hu_vaxnwbd6p_v5 Portion "KY" VB #</Process><Process ToolSource="c:\program files (x86)\arcgis\desktop10.3\ArcToolbox\Toolboxes\Data Management Tools.tbx\CalculateField" Date="20160720" Time="144514">CalculateField hu_vaxnwbd6p_v5 Portion "WV" VB #</Process><Process ToolSource="c:\program files (x86)\arcgis\desktop10.3\ArcToolbox\Toolboxes\Data Management Tools.tbx\CalculateField" Date="20160720" Time="144537">CalculateField hu_vaxnwbd6p_v5 Portion "VA" VB #</Process><Process ToolSource="c:\program files (x86)\arcgis\desktop10.3\ArcToolbox\Toolboxes\Data Management Tools.tbx\CalculateField" Date="20160720" Time="144658">CalculateField hu_vaxnwbd6p_v5 Portion "WV" VB #</Process><Process ToolSource="c:\program files (x86)\arcgis\desktop10.3\ArcToolbox\Toolboxes\Data Management Tools.tbx\CalculateField" Date="20160720" Time="145016">CalculateField hu_vaxnwbd6p_v5 Portion "VA" VB #</Process><Process ToolSource="c:\program files (x86)\arcgis\desktop10.3\ArcToolbox\Toolboxes\Data Management Tools.tbx\CalculateField" Date="20160720" Time="145033">CalculateField hu_vaxnwbd6p_v5 Portion "WV" VB #</Process><Process ToolSource="c:\program files (x86)\arcgis\desktop10.3\ArcToolbox\Toolboxes\Data Management Tools.tbx\CalculateField" Date="20160720" Time="145327">CalculateField hu_vaxnwbd6p_v5 Portion "VA" VB #</Process><Process ToolSource="c:\program files (x86)\arcgis\desktop10.3\ArcToolbox\Toolboxes\Data Management Tools.tbx\CalculateField" Date="20160720" Time="150545">CalculateField hu_vaxnwbd6p_v5 Portion "MD" VB #</Process><Process ToolSource="c:\program files (x86)\arcgis\desktop10.3\ArcToolbox\Toolboxes\Data Management Tools.tbx\CalculateField" Date="20160720" Time="150622">CalculateField hu_vaxnwbd6p_v5 Portion "VA" VB #</Process><Process ToolSource="c:\program files (x86)\arcgis\desktop10.3\ArcToolbox\Toolboxes\Data Management Tools.tbx\CalculateField" Date="20160720" Time="150825">CalculateField hu_vaxnwbd6p_v5 Portion "MD" VB #</Process><Process ToolSource="c:\program files (x86)\arcgis\desktop10.3\ArcToolbox\Toolboxes\Data Management Tools.tbx\CalculateField" Date="20160720" Time="152002">CalculateField hu_vaxnwbd6p_v5 Portion "VA" VB #</Process><Process ToolSource="c:\program files (x86)\arcgis\desktop10.3\ArcToolbox\Toolboxes\Data Management Tools.tbx\CalculateField" Date="20160720" Time="152036">CalculateField hu_vaxnwbd6p_v5 Portion "MD" VB #</Process><Process ToolSource="c:\program files (x86)\arcgis\desktop10.3\ArcToolbox\Toolboxes\Data Management Tools.tbx\CalculateField" Date="20160720" Time="152110">CalculateField hu_vaxnwbd6p_v5 Portion "VA" VB #</Process></lineage></DataProperties><SyncDate>20160822</SyncDate><SyncTime>12512600</SyncTime><ModDate>20160822</ModDate><ModTime>12512600</ModTime></Esri><dataIdInfo><envirDesc Sync="TRUE">Microsoft Windows 7 Version 6.1 (Build 7601) Service Pack 1; Esri ArcGIS 10.3.1.4959</envirDesc><dataLang><languageCode value="eng" Sync="TRUE"></languageCode><countryCode value="USA" Sync="TRUE"></countryCode></dataLang><idCitation><resTitle Sync="TRUE">hu_vanwbd6p_v5</resTitle><presForm><PresFormCd value="005" Sync="TRUE"></PresFormCd></presForm></idCitation><spatRpType><SpatRepTypCd value="001" Sync="TRUE"></SpatRepTypCd></spatRpType><dataExt><geoEle><GeoBndBox esriExtentType="search"><exTypeCode Sync="TRUE">1</exTypeCode><westBL Sync="TRUE">-179.229655</westBL><eastBL Sync="TRUE">179.856675</eastBL><northBL Sync="TRUE">71.439573</northBL><southBL Sync="TRUE">-14.424695</southBL></GeoBndBox></geoEle></dataExt></dataIdInfo><mdLang><languageCode value="eng" Sync="TRUE"></languageCode><countryCode value="USA" Sync="TRUE"></countryCode></mdLang><mdChar><CharSetCd value="004" Sync="TRUE"></CharSetCd></mdChar><distInfo><distFormat><formatName Sync="TRUE">Shapefile</formatName></distFormat><distTranOps><transSize Sync="TRUE">0.000</transSize></distTranOps></distInfo><mdHrLv><ScopeCd value="005" Sync="TRUE"></ScopeCd></mdHrLv><mdHrLvName Sync="TRUE">dataset</mdHrLvName><refSysInfo><RefSystem><refSysID><identCode code="3968" Sync="TRUE" value="4269"></identCode><idCodeSpace Sync="TRUE">EPSG</idCodeSpace><idVersion Sync="TRUE">8.6.2</idVersion></refSysID></RefSystem></refSysInfo><spatRepInfo><VectSpatRep><geometObjs Name="hu_vanwbd6p_v5"><geoObjTyp><GeoObjTypCd value="002" Sync="TRUE"></GeoObjTypCd></geoObjTyp><geoObjCnt Sync="TRUE">0</geoObjCnt></geometObjs><topLvl><TopoLevCd value="001" Sync="TRUE"></TopoLevCd></topLvl></VectSpatRep></spatRepInfo><spdoinfo><ptvctinf><esriterm Name="hu_vanwbd6p_v5"><efeatyp Sync="TRUE">Simple</efeatyp><efeageom code="4" Sync="TRUE"></efeageom><esritopo Sync="TRUE">FALSE</esritopo><efeacnt Sync="TRUE">0</efeacnt><spindex Sync="TRUE">FALSE</spindex><linrefer Sync="TRUE">FALSE</linrefer></esriterm></ptvctinf></spdoinfo><eainfo><detailed Name="hu_vanwbd6p_v5"><enttyp><enttypl Sync="TRUE">hu_vanwbd6p_v5</enttypl><enttypt Sync="TRUE">Feature Class</enttypt><enttypc Sync="TRUE">0</enttypc></enttyp><attr><attrlabl Sync="TRUE">FID</attrlabl><attalias Sync="TRUE">FID</attalias><attrtype Sync="TRUE">OID</attrtype><attwidth Sync="TRUE">4</attwidth><atprecis Sync="TRUE">0</atprecis><attscale Sync="TRUE">0</attscale><attrdef Sync="TRUE">Internal feature number.</attrdef><attrdefs Sync="TRUE">Esri</attrdefs><attrdomv><udom Sync="TRUE">Sequential unique whole numbers that are automatically generated.</udom></attrdomv></attr><attr><attrlabl Sync="TRUE">Shape</attrlabl><attalias Sync="TRUE">Shape</attalias><attrtype Sync="TRUE">Geometry</attrtype><attwidth Sync="TRUE">0</attwidth><atprecis Sync="TRUE">0</atprecis><attscale Sync="TRUE">0</attscale><attrdef Sync="TRUE">Feature geometry.</attrdef><attrdefs Sync="TRUE">ESRI</attrdefs><attrdomv><udom Sync="TRUE">Coordinates defining the features.</udom></attrdomv></attr><attr><attrlabl Sync="TRUE">HUC12</attrlabl><attalias Sync="TRUE">HUC12</attalias><attrtype Sync="TRUE">String</attrtype><attwidth Sync="TRUE">12</attwidth><atprecis Sync="TRUE">0</atprecis><attscale Sync="TRUE">0</attscale></attr><attr><attrlabl Sync="TRUE">VAHU6</attrlabl><attalias Sync="TRUE">VAHU6</attalias><attrtype Sync="TRUE">String</attrtype><attwidth Sync="TRUE">4</attwidth><atprecis Sync="TRUE">0</atprecis><attscale Sync="TRUE">0</attscale></attr><attr><attrlabl Sync="TRUE">Portion</attrlabl><attalias Sync="TRUE">Portion</attalias><attrtype Sync="TRUE">String</attrtype><attwidth Sync="TRUE">10</attwidth><atprecis Sync="TRUE">0</atprecis><attscale Sync="TRUE">0</attscale></attr><attr><attrlabl Sync="TRUE">Shape_Leng</attrlabl><attalias Sync="TRUE">Shape_Leng</attalias><attrtype Sync="TRUE">Double</attrtype><attwidth Sync="TRUE">19</attwidth><atprecis Sync="TRUE">0</atprecis><attscale Sync="TRUE">0</attscale></attr><attr><attrlabl Sync="TRUE">Shape_Area</attrlabl><attalias Sync="TRUE">Shape_Area</attalias><attrtype Sync="TRUE">Double</attrtype><attwidth Sync="TRUE">19</attwidth><atprecis Sync="TRUE">0</atprecis><attscale Sync="TRUE">0</attscale><attrdef Sync="TRUE">Area of feature in internal units squared.</attrdef><attrdefs Sync="TRUE">ESRI</attrdefs><attrdomv><udom Sync="TRUE">Positive real numbers that are automatically generated.</udom></attrdomv></attr></detailed></eainfo><mdDateSt Sync="TRUE">20160822</mdDateSt></metadata>
