<?xml version="1.0" encoding="UTF-8"?>
<metadata xml:lang="en"><Esri><CreaDate>20190225</CreaDate><CreaTime>12313700</CreaTime><SyncOnce>FALSE</SyncOnce><DataProperties><lineage><Process Name="Create Feature Class" ToolSource="C:\Program Files\ArcGIS\ArcToolbox\Toolboxes\Data Management Tools.tbx\CreateFeatureclass" Date="20061018" Time="152512" export="">CreateFeatureclass G:\Draft\Public_Access\GATEWAYS_AND_PUBLIC_ACCESS\RECREATIONAL_05.mdb\PUBLIC_ACCESS PUBLIC_ACCESS # PUBLIC_ACCESS_POINTS_05_Laye SAME_AS_TEMPLATE SAME_AS_TEMPLATE "GEOGCS['GCS_North_American_1983',DATUM['D_North_American_1983',SPHEROID['GRS_1980',6378137.0,298.257222101]],PRIMEM['Greenwich',0.0],UNIT['Degree',0.0174532925199433]];-78.5214141633937 36.4499300052258 378000293.964293;0 100000;0 100000" # 0 0 0 G:\Draft\Public_Access\GATEWAYS_AND_PUBLIC_ACCESS\RECREATIONAL_05.mdb\PUBLIC_ACCESS\PUBLIC_ACCESS</Process><Process Name="Append" ToolSource="C:\Program Files\ArcGIS\ArcToolbox\Toolboxes\Data Management Tools.tbx\Append" Date="20061018" Time="152513" export="">Append PUBLIC_ACCESS_POINTS_05_Laye G:\Draft\Public_Access\GATEWAYS_AND_PUBLIC_ACCESS\RECREATIONAL_05.mdb\PUBLIC_ACCESS\PUBLIC_ACCESS TEST G:\Draft\Public_Access\GATEWAYS_AND_PUBLIC_ACCESS\RECREATIONAL_05.mdb\PUBLIC_ACCESS\PUBLIC_ACCESS</Process><Process Name="FeatureClassToFeatureClass_2" ToolSource="C:\Program Files\ArcGIS\ArcToolbox\Toolboxes\Conversion Tools.tbx\FeatureClassToFeatureClass" Date="20061018" Time="152513" export="">FeatureClassToFeatureClass G:\Draft\Public_Access\GATEWAYS_AND_PUBLIC_ACCESS\RECREATIONAL_05.mdb\PUBLIC_ACCESS_POINTS_05 G:\Draft\Public_Access\GATEWAYS_AND_PUBLIC_ACCESS\RECREATIONAL_05.mdb\PUBLIC_ACCESS PUBLIC_ACCESS # "OBJECTID OBJECTID VISIBLE;SITE SITE VISIBLE;STATE STATE VISIBLE;COUNTY COUNTY VISIBLE;PARKING PARKING VISIBLE;BOAT_RAMP BOAT_RAMP VISIBLE;FISHING FISHING VISIBLE;SWIMMING SWIMMING VISIBLE;TRAIL TRAIL VISIBLE;RESTROOM RESTROOM VISIBLE;NAME NAME VISIBLE;LAT_y LAT_y VISIBLE;LONG_x LONG_x VISIBLE;GATEWAY GATEWAY VISIBLE" SAME_AS_TEMPLATE SAME_AS_TEMPLATE # 0 G:\Draft\Public_Access\GATEWAYS_AND_PUBLIC_ACCESS\RECREATIONAL_05.mdb\PUBLIC_ACCESS\PUBLIC_ACCESS</Process><Process ToolSource="C:\Program Files\ArcGIS\ArcToolbox\Toolboxes\Data Management Tools.tbx\CopyFeatures" Date="20070320" Time="180103" Name="" export="">CopyFeatures G:\Draft\Public_Access\GATEWAYS_AND_PUBLIC_ACCESS\RECREATIONAL_05.mdb\PUBLIC_ACCESS\PUBLIC_ACCESS "Database Connections\Connection to Gar-dev as GISOWNER.sde\gis.GISOWNER.BAY_RECREATIONAL_SITES\gis.GISOWNER.PUBLIC_ACCESS" # 0 0 0</Process><Process Name="FeatureClassToFeatureClass_7" ToolSource="C:\Program Files\ArcGIS\ArcToolbox\Toolboxes\Conversion Tools.tbx\FeatureClassToFeatureClass" Date="20080227" Time="104356" export="">FeatureClassToFeatureClass "Database Connections\Connection to gar-dev as jwolf.sde\gis.GISOWNER.BAY_RECREATIONAL_SITES\gis.GISOWNER.PUBLIC_ACCESS" "H:\Working\jwolf\John Smith\LyndaE" public_access.shp # "OBJECTID OBJECTID true true false 8 Double 8 38 ,First,#,Database Connections\Connection to gar-dev as jwolf.sde\gis.GISOWNER.BAY_RECREATIONAL_SITES\gis.GISOWNER.PUBLIC_ACCESS,OBJECTID,-1,-1;SITE SITE true true false 5 Text 0 0 ,First,#,Database Connections\Connection to gar-dev as jwolf.sde\gis.GISOWNER.BAY_RECREATIONAL_SITES\gis.GISOWNER.PUBLIC_ACCESS,SITE,-1,-1;STATE STATE true true false 2 Text 0 0 ,First,#,Database Connections\Connection to gar-dev as jwolf.sde\gis.GISOWNER.BAY_RECREATIONAL_SITES\gis.GISOWNER.PUBLIC_ACCESS,STATE,-1,-1;COUNTY COUNTY true true false 25 Text 0 0 ,First,#,Database Connections\Connection to gar-dev as jwolf.sde\gis.GISOWNER.BAY_RECREATIONAL_SITES\gis.GISOWNER.PUBLIC_ACCESS,COUNTY,-1,-1;PARKING PARKING true true false 9 Text 0 0 ,First,#,Database Connections\Connection to gar-dev as jwolf.sde\gis.GISOWNER.BAY_RECREATIONAL_SITES\gis.GISOWNER.PUBLIC_ACCESS,PARKING,-1,-1;NAME NAME true true false 100 Text 0 0 ,First,#,Database Connections\Connection to gar-dev as jwolf.sde\gis.GISOWNER.BAY_RECREATIONAL_SITES\gis.GISOWNER.PUBLIC_ACCESS,NAME,-1,-1;LAT_Y LAT_Y true true false 8 Double 8 38 ,First,#,Database Connections\Connection to gar-dev as jwolf.sde\gis.GISOWNER.BAY_RECREATIONAL_SITES\gis.GISOWNER.PUBLIC_ACCESS,LAT_Y,-1,-1;LONG_X LONG_X true true false 8 Double 8 38 ,First,#,Database Connections\Connection to gar-dev as jwolf.sde\gis.GISOWNER.BAY_RECREATIONAL_SITES\gis.GISOWNER.PUBLIC_ACCESS,LONG_X,-1,-1;GATEWAY GATEWAY true true false 10 Text 0 0 ,First,#,Database Connections\Connection to gar-dev as jwolf.sde\gis.GISOWNER.BAY_RECREATIONAL_SITES\gis.GISOWNER.PUBLIC_ACCESS,GATEWAY,-1,-1;BOAT_RAMP BOAT_RAMP true true false 10 Text 0 0 ,First,#,Database Connections\Connection to gar-dev as jwolf.sde\gis.GISOWNER.BAY_RECREATIONAL_SITES\gis.GISOWNER.PUBLIC_ACCESS,BOAT_RAMP,-1,-1;FISHING FISHING true true false 10 Text 0 0 ,First,#,Database Connections\Connection to gar-dev as jwolf.sde\gis.GISOWNER.BAY_RECREATIONAL_SITES\gis.GISOWNER.PUBLIC_ACCESS,FISHING,-1,-1;SWIMMING SWIMMING true true false 10 Text 0 0 ,First,#,Database Connections\Connection to gar-dev as jwolf.sde\gis.GISOWNER.BAY_RECREATIONAL_SITES\gis.GISOWNER.PUBLIC_ACCESS,SWIMMING,-1,-1;TRAIL TRAIL true true false 10 Text 0 0 ,First,#,Database Connections\Connection to gar-dev as jwolf.sde\gis.GISOWNER.BAY_RECREATIONAL_SITES\gis.GISOWNER.PUBLIC_ACCESS,TRAIL,-1,-1;RESTROOM RESTROOM true true false 10 Text 0 0 ,First,#,Database Connections\Connection to gar-dev as jwolf.sde\gis.GISOWNER.BAY_RECREATIONAL_SITES\gis.GISOWNER.PUBLIC_ACCESS,RESTROOM,-1,-1;CBP_QAQC_C CBP_QAQC_C true true false 50 Text 0 0 ,First,#,Database Connections\Connection to gar-dev as jwolf.sde\gis.GISOWNER.BAY_RECREATIONAL_SITES\gis.GISOWNER.PUBLIC_ACCESS,CBP_QAQC_COMMENTS,-1,-1" # "H:\Working\jwolf\John Smith\LyndaE\public_access.shp"</Process><Process ToolSource="c:\program files (x86)\arcgis\desktop10.3\ArcToolbox\Toolboxes\Data Management Tools.tbx\CalculateField" Date="20171129" Time="125446" Name="" export="">CalculateField hamptonmergeaccess COUNTY [Jurisdicti] VB #</Process><Process ToolSource="c:\program files (x86)\arcgis\desktop10.3\ArcToolbox\Toolboxes\Data Management Tools.tbx\CalculateField" Date="20171129" Time="125527" Name="" export="">CalculateField hamptonmergeaccess NAME [SiteName] VB #</Process><Process ToolSource="c:\program files (x86)\arcgis\desktop10.3\ArcToolbox\Toolboxes\Data Management Tools.tbx\CalculateField" Date="20171129" Time="125828" Name="" export="">CalculateField hamptonmergeaccess Water_Body [Waterbody] VB #</Process><Process ToolSource="c:\program files (x86)\arcgis\desktop10.3\ArcToolbox\Toolboxes\Data Management Tools.tbx\CalculateField" Date="20171129" Time="125855" Name="" export="">CalculateField hamptonmergeaccess LAT_Y [Lat] VB #</Process><Process ToolSource="c:\program files (x86)\arcgis\desktop10.3\ArcToolbox\Toolboxes\Data Management Tools.tbx\CalculateField" Date="20171129" Time="125915" Name="" export="">CalculateField hamptonmergeaccess LONG_X [Long] VB #</Process><Process ToolSource="c:\program files (x86)\arcgis\desktop10.3\ArcToolbox\Toolboxes\Data Management Tools.tbx\CalculateField" Date="20171129" Time="130017" Name="" export="">CalculateField hamptonmergeaccess Owner [Control] VB #</Process><Process ToolSource="c:\program files (x86)\arcgis\desktop10.3\ArcToolbox\Toolboxes\Data Management Tools.tbx\CalculateField" Date="20171129" Time="130105" Name="" export="">CalculateField hamptonmergeaccess Launch [Kayak_Cano] VB #</Process><Process ToolSource="c:\program files (x86)\arcgis\desktop10.3\ArcToolbox\Toolboxes\Data Management Tools.tbx\CalculateField" Date="20171129" Time="130305" Name="" export="">CalculateField hamptonmergeaccess FISHING [Fishing_Pi] VB #</Process><Process ToolSource="c:\program files (x86)\arcgis\desktop10.3\ArcToolbox\Toolboxes\Data Management Tools.tbx\CalculateField" Date="20171129" Time="130327" Name="" export="">CalculateField hamptonmergeaccess TRAIL [Nature_Tra] VB #</Process><Process ToolSource="c:\program files (x86)\arcgis\desktop10.3\ArcToolbox\Toolboxes\Data Management Tools.tbx\CalculateField" Date="20171129" Time="130412" Name="" export="">CalculateField hamptonmergeaccess SWIMMING [Beach_Swim] VB #</Process><Process ToolSource="c:\program files (x86)\arcgis\desktop10.3\ArcToolbox\Toolboxes\Data Management Tools.tbx\CalculateField" Date="20180131" Time="140528">CalculateField "VA access_2018" LAT_Y [Lat] VB #</Process><Process ToolSource="c:\program files (x86)\arcgis\desktop10.3\ArcToolbox\Toolboxes\Data Management Tools.tbx\CalculateField" Date="20180131" Time="140547">CalculateField "VA access_2018" LONG_X "[Long] " VB #</Process></lineage><itemProps><itemLocation><linkage Sync="TRUE">file://\\NG00273010\C$\Users\ltv52898\Documents\RHURS\C\New Data\GIS_PROJECTS\Robbie Maps\VA Public Access\2019Public Access\2019 Public Access\2018 Public Access</linkage><protocol Sync="TRUE">Local Area Network</protocol></itemLocation><itemName Sync="TRUE">2018 Public Access</itemName><imsContentType>002</imsContentType><nativeExtBox><westBL Sync="TRUE">-216879.167500</westBL><eastBL Sync="TRUE">475538.961800</eastBL><southBL Sync="TRUE">4045769.890300</southBL><northBL Sync="TRUE">4355802.187500</northBL><exTypeCode Sync="TRUE">1</exTypeCode></nativeExtBox><itemSize Sync="TRUE">0.015</itemSize></itemProps><copyHistory><copy source="C:\Users\ltv52898\Documents\RHURS\C\New Data\GIS_PROJECTS\Robbie Maps\VA Public Access\2018-2010 access\2018 Public Access" dest="\\NG00273010\C$\Users\ltv52898\Documents\RHURS\C\New Data\GIS_PROJECTS\Robbie Maps\VA Public Access\2019Public Access\2019 Public Access\2018 Public Access" date="20190225" time="12313700"/></copyHistory><coordRef><type Sync="TRUE">Projected</type><geogcsn Sync="TRUE">GCS_North_American_1983</geogcsn><csUnits Sync="TRUE">Linear Unit: Meter (1.000000)</csUnits><projcsn Sync="TRUE">NAD_1983_UTM_Zone_18N</projcsn><peXml Sync="TRUE">&lt;ProjectedCoordinateSystem xsi:type='typens:ProjectedCoordinateSystem' xmlns:xsi='http://www.w3.org/2001/XMLSchema-instance' xmlns:xs='http://www.w3.org/2001/XMLSchema' xmlns:typens='http://www.esri.com/schemas/ArcGIS/10.3'&gt;&lt;WKT&gt;PROJCS[&amp;quot;NAD_1983_UTM_Zone_18N&amp;quot;,GEOGCS[&amp;quot;GCS_North_American_1983&amp;quot;,DATUM[&amp;quot;D_North_American_1983&amp;quot;,SPHEROID[&amp;quot;GRS_1980&amp;quot;,6378137.0,298.257222101]],PRIMEM[&amp;quot;Greenwich&amp;quot;,0.0],UNIT[&amp;quot;Degree&amp;quot;,0.0174532925199433]],PROJECTION[&amp;quot;Transverse_Mercator&amp;quot;],PARAMETER[&amp;quot;False_Easting&amp;quot;,500000.0],PARAMETER[&amp;quot;False_Northing&amp;quot;,0.0],PARAMETER[&amp;quot;Central_Meridian&amp;quot;,-75.0],PARAMETER[&amp;quot;Scale_Factor&amp;quot;,0.9996],PARAMETER[&amp;quot;Latitude_Of_Origin&amp;quot;,0.0],UNIT[&amp;quot;Meter&amp;quot;,1.0],AUTHORITY[&amp;quot;EPSG&amp;quot;,26918]]&lt;/WKT&gt;&lt;XOrigin&gt;-5120900&lt;/XOrigin&gt;&lt;YOrigin&gt;-9998100&lt;/YOrigin&gt;&lt;XYScale&gt;450445547.3910538&lt;/XYScale&gt;&lt;ZOrigin&gt;-100000&lt;/ZOrigin&gt;&lt;ZScale&gt;10000&lt;/ZScale&gt;&lt;MOrigin&gt;-100000&lt;/MOrigin&gt;&lt;MScale&gt;10000&lt;/MScale&gt;&lt;XYTolerance&gt;0.001&lt;/XYTolerance&gt;&lt;ZTolerance&gt;0.001&lt;/ZTolerance&gt;&lt;MTolerance&gt;0.001&lt;/MTolerance&gt;&lt;HighPrecision&gt;true&lt;/HighPrecision&gt;&lt;WKID&gt;26918&lt;/WKID&gt;&lt;LatestWKID&gt;26918&lt;/LatestWKID&gt;&lt;/ProjectedCoordinateSystem&gt;</peXml></coordRef></DataProperties><SyncDate>20190225</SyncDate><SyncTime>12183800</SyncTime><ModDate>20190225</ModDate><ModTime>12183800</ModTime><scaleRange><minScale>150000000</minScale><maxScale>5000</maxScale></scaleRange><ArcGISProfile>ItemDescription</ArcGISProfile><ArcGISFormat>1.0</ArcGISFormat></Esri><idinfo><native Sync="TRUE">Microsoft Windows XP Version 5.1 (Build 2600) Service Pack 2; ESRI ArcCatalog 9.2.2.1350</native><descript><langdata Sync="TRUE">en</langdata><abstract>This dataset represents Public Access Sites for the Chesapeake Bay and the State of Virginia.  It includes information on public access sites in the Bay area. Further it has been updated to include water access throughout all of the state.  Last updated 2014.</abstract><purpose>To be used as a guide by recreational enthusiasts to find sites offering opportunities for boating, fishing, wildlife observation.</purpose></descript><citation><citeinfo><origin> Chesapeake Bay Program Office</origin><pubdate>2005</pubdate><title>VA_public_access</title><ftname Sync="TRUE">VA_public_access</ftname><geoform Sync="TRUE">vector digital data</geoform><onlink Sync="TRUE">\\NG00083370\C$\GIS_PROJECTS\Robbie Maps\General information\project files\John Smith Trail\public_access\VA_public_access.shp</onlink><pubinfo><pubplace>Annapolis, MD</pubplace><publish>Chesapeake Bay Program</publish></pubinfo></citeinfo></citation><timeperd><current>publication date</current><timeinfo><sngdate><caldate>2006.</caldate></sngdate></timeinfo></timeperd><status><progress>In work</progress><update>As needed</update></status><spdom><bounding><westbc Sync="TRUE">-77.496772</westbc><eastbc Sync="TRUE">-75.273449</eastbc><northbc Sync="TRUE">38.881611</northbc><southbc Sync="TRUE">36.563816</southbc></bounding><lboundng><leftbc Sync="TRUE">283345.626345</leftbc><rightbc Sync="TRUE">475538.961820</rightbc><bottombc Sync="TRUE">4049214.615217</bottombc><topbc Sync="TRUE">4303676.792734</topbc></lboundng></spdom><keywords><theme><themekt>None</themekt><themekey>Society</themekey><themekey>Environment</themekey><themekey>inlandWaters</themekey><themekey>Structure</themekey><themekey>Economy</themekey><themekey>Biota</themekey></theme><place><placekey>Washington D.C.</placekey><placekey>Maryland</placekey><placekey>Pennsylvania</placekey><placekey>Virginia</placekey><placekey>Chesapeake Bay</placekey></place></keywords><accconst>None</accconst><useconst>None</useconst><natvform Sync="TRUE">Shapefile</natvform><ptcontac><cntinfo><cntperp><cntper>John Wolf</cntper><cntorg>National Park Service-Chesapeake Bay Program Office</cntorg></cntperp><cntpos>GIS Team Leader</cntpos></cntinfo></ptcontac></idinfo><dataIdInfo><envirDesc Sync="TRUE"> Version 6.2 (Build 9200) ; Esri ArcGIS 10.3.1.4959</envirDesc><dataLang><languageCode Sync="TRUE" value="eng"/><countryCode value="USA" Sync="TRUE"/></dataLang><idCitation><resTitle Sync="TRUE">2018 Public Access</resTitle><presForm><PresFormCd Sync="TRUE" value="005"/></presForm></idCitation><spatRpType><SpatRepTypCd Sync="TRUE" value="001"/></spatRpType><dataExt><geoEle><GeoBndBox esriExtentType="native"><westBL Sync="TRUE">283345.626345</westBL><eastBL Sync="TRUE">475538.96182</eastBL><northBL Sync="TRUE">4303676.792734</northBL><southBL Sync="TRUE">4049214.615217</southBL><exTypeCode Sync="TRUE">1</exTypeCode></GeoBndBox></geoEle></dataExt><geoBox esriExtentType="decdegrees"><westBL Sync="TRUE">-77.496772</westBL><eastBL Sync="TRUE">-75.273449</eastBL><northBL Sync="TRUE">38.881611</northBL><southBL Sync="TRUE">36.563816</southBL><exTypeCode Sync="TRUE">1</exTypeCode></geoBox><dataExt><geoEle xmlns=""><GeoBndBox esriExtentType="search"><exTypeCode Sync="TRUE">1</exTypeCode><westBL Sync="TRUE">-83.279491</westBL><eastBL Sync="TRUE">-75.273339</eastBL><northBL Sync="TRUE">39.351317</northBL><southBL Sync="TRUE">36.290114</southBL></GeoBndBox></geoEle></dataExt><idPurp>To be used by State and local Planners to better understand and plan for water accesws throughout the Commonwealth</idPurp><idAbs>&lt;DIV STYLE="text-align:Left;"&gt;&lt;DIV&gt;&lt;DIV&gt;&lt;P&gt;&lt;SPAN&gt;This dataset represents Public Access Sites for the Chesapeake Bay and the State of Virginia. It includes information on public access sites in the Bay area. Further it has been updated to include water access throughout all of the state. Last updated 11/29/2017&lt;/SPAN&gt;&lt;/P&gt;&lt;/DIV&gt;&lt;/DIV&gt;&lt;/DIV&gt;</idAbs><idCredit>Robbie Rhur Deptartment of Conservation and Recreation Planning and Recreational Resources
804-371-2594</idCredit><searchKeys><keyword>Water access</keyword><keyword>VOP</keyword><keyword>Department of Conservation and Recreation</keyword><keyword>DCR</keyword><keyword>Virginia Outdoors Plan</keyword><keyword>Boating</keyword><keyword>Canoe</keyword><keyword>Kayak</keyword></searchKeys><resConst><Consts><useLimit>&lt;DIV STYLE="text-align:Left;"&gt;&lt;DIV&gt;&lt;DIV&gt;&lt;P&gt;&lt;SPAN&gt;None&lt;/SPAN&gt;&lt;/P&gt;&lt;/DIV&gt;&lt;/DIV&gt;&lt;/DIV&gt;</useLimit></Consts></resConst></dataIdInfo><metainfo><langmeta Sync="TRUE">en</langmeta><metstdn Sync="TRUE">FGDC Content Standards for Digital Geospatial Metadata</metstdn><metstdv Sync="TRUE">FGDC-STD-001-1998</metstdv><mettc Sync="TRUE">local time</mettc><metc><cntinfo><cntorgp><cntper>Sewelo Keleagetse</cntper><cntorg>UMCES - Chesapeake Bay Program Office</cntorg></cntorgp><cntaddr><addrtype>mailing and physical address</addrtype><city>Annapolis</city><state>Maryland</state><postal>21403</postal><address>410 Severn Ave</address><address>Suite 109</address><country>USA</country></cntaddr><cntvoice>800- YOUR- BAY</cntvoice><cntpos>GIS Analyst</cntpos><cntemail>skeleage@chesapeakebay.net</cntemail></cntinfo></metc><metd Sync="TRUE">20080716</metd></metainfo><mdLang><languageCode Sync="TRUE" value="eng"/><countryCode value="USA" Sync="TRUE"/></mdLang><mdChar><CharSetCd Sync="TRUE" value="004"/></mdChar><mdHrLv><ScopeCd Sync="TRUE" value="005"/></mdHrLv><mdHrLvName Sync="TRUE">dataset</mdHrLvName><distinfo><resdesc Sync="TRUE">Downloadable Data</resdesc><stdorder><digform><digtinfo><transize Sync="TRUE">0.006</transize><dssize Sync="TRUE">0.006</dssize></digtinfo></digform></stdorder></distinfo><distInfo><distributor><distorTran><onLineSrc><orDesc Sync="TRUE">002</orDesc><linkage Sync="TRUE">file://\\NG00083370\C$\GIS_PROJECTS\Robbie Maps\General information\project files\John Smith Trail\public_access\VA_public_access.shp</linkage><protocol Sync="TRUE">Local Area Network</protocol></onLineSrc><transSize Sync="TRUE">0.006</transSize></distorTran><distorFormat><formatName Sync="TRUE">Shapefile</formatName></distorFormat></distributor><distFormat><formatName Sync="TRUE">Shapefile</formatName></distFormat><distTranOps><transSize Sync="TRUE">0.015</transSize></distTranOps></distInfo><spdoinfo><direct Sync="TRUE">Vector</direct><ptvctinf><esriterm Name="2018 Public Access"><efeatyp Sync="TRUE">Simple</efeatyp><efeageom code="1" Sync="TRUE"></efeageom><esritopo Sync="TRUE">FALSE</esritopo><efeacnt Sync="TRUE">543</efeacnt><spindex Sync="TRUE">TRUE</spindex><linrefer Sync="TRUE">FALSE</linrefer></esriterm></ptvctinf></spdoinfo><spref><horizsys><cordsysn><geogcsn Sync="TRUE">GCS_North_American_1983</geogcsn><projcsn Sync="TRUE">NAD_1983_UTM_Zone_18N</projcsn></cordsysn><planar><planci><plance Sync="TRUE">coordinate pair</plance><plandu Sync="TRUE">meters</plandu><coordrep><absres Sync="TRUE">0.000000</absres><ordres Sync="TRUE">0.000000</ordres></coordrep></planci></planar><geodetic><horizdn Sync="TRUE">North American Datum of 1983</horizdn><ellips Sync="TRUE">Geodetic Reference System 80</ellips><semiaxis Sync="TRUE">6378137.000000</semiaxis><denflat Sync="TRUE">298.257222</denflat></geodetic></horizsys><vertdef><altsys><altenc Sync="TRUE">Explicit elevation coordinate included with horizontal coordinates</altenc><altres Sync="TRUE">1.000000</altres></altsys></vertdef></spref><refSysInfo><RefSystem><refSysID><identCode Sync="TRUE" code="26918">NAD_1983_UTM_Zone_18N</identCode><idCodeSpace Sync="TRUE">EPSG</idCodeSpace><idVersion Sync="TRUE">8.6.2</idVersion></refSysID></RefSystem></refSysInfo><spatRepInfo><VectSpatRep><geometObjs Name="2018 Public Access"><geoObjTyp><GeoObjTypCd value="004" Sync="TRUE"></GeoObjTypCd></geoObjTyp><geoObjCnt Sync="TRUE">543</geoObjCnt></geometObjs><topLvl><TopoLevCd value="001" Sync="TRUE"></TopoLevCd></topLvl></VectSpatRep></spatRepInfo><eainfo><detailed Name="2018 Public Access"><enttyp><enttypl Sync="TRUE">2018 Public Access</enttypl><enttypt Sync="TRUE">Feature Class</enttypt><enttypc Sync="TRUE">543</enttypc></enttyp><attr><attrlabl Sync="TRUE">SHAPE</attrlabl><attalias Sync="TRUE">FID</attalias><attrtype Sync="TRUE">OID</attrtype><attwidth Sync="TRUE">4</attwidth><attrdef Sync="TRUE">Feature geometry.</attrdef><attrdefs Sync="TRUE">ESRI</attrdefs><attrdomv><udom Sync="TRUE">Coordinates defining the features.</udom></attrdomv><atprecis Sync="TRUE">0</atprecis><attscale Sync="TRUE">0</attscale></attr><attr><attrlabl Sync="TRUE">SWIMMING</attrlabl><attalias Sync="TRUE">SWIMMING</attalias><attrtype Sync="TRUE">String</attrtype><attwidth Sync="TRUE">10</attwidth><attrdef>Swimming as an option on the site</attrdef><atprecis Sync="TRUE">0</atprecis><attscale Sync="TRUE">0</attscale><attrdefs Sync="TRUE">Esri</attrdefs><attrdomv><udom Sync="TRUE">Sequential unique whole numbers that are automatically generated.</udom></attrdomv></attr><attr><attrlabl Sync="TRUE">Shape</attrlabl><attalias Sync="TRUE">OBJECTID</attalias><attrtype Sync="TRUE">Double</attrtype><attwidth Sync="TRUE">19</attwidth><atprecis Sync="TRUE">0</atprecis><attscale Sync="TRUE">0</attscale><attrdef Sync="TRUE">Feature geometry.</attrdef><attrdefs Sync="TRUE">ESRI</attrdefs><attrdomv><udom Sync="TRUE">Coordinates defining the features.</udom></attrdomv></attr><attr><attrlabl Sync="TRUE">OBJECTID</attrlabl><attalias Sync="TRUE">SITE</attalias><attrtype Sync="TRUE">String</attrtype><attwidth Sync="TRUE">5</attwidth><atprecis Sync="TRUE">0</atprecis><attscale Sync="TRUE">0</attscale></attr><attr><attrlabl Sync="TRUE">SITE</attrlabl><attalias Sync="TRUE">COUNTY</attalias><attrtype Sync="TRUE">String</attrtype><attwidth Sync="TRUE">25</attwidth><attrdef>Site Identification Number</attrdef><atprecis Sync="TRUE">0</atprecis><attscale Sync="TRUE">0</attscale></attr><attr><attrlabl Sync="TRUE">COUNTY</attrlabl><attalias Sync="TRUE">PARKING</attalias><attrtype Sync="TRUE">String</attrtype><attwidth Sync="TRUE">9</attwidth><attrdef>County where site is located</attrdef><atprecis Sync="TRUE">0</atprecis><attscale Sync="TRUE">0</attscale></attr><attr><attrlabl Sync="TRUE">PARKING</attrlabl><attalias Sync="TRUE">NAME</attalias><attrtype Sync="TRUE">String</attrtype><attwidth Sync="TRUE">100</attwidth><attrdef>Type of parking; S = Shoulder, M=Medium, L=Large, and Unknown means Type is Unknown</attrdef><atprecis Sync="TRUE">0</atprecis><attscale Sync="TRUE">0</attscale></attr><attr><attrlabl Sync="TRUE">LAT_Y</attrlabl><attalias Sync="TRUE">LAT_Y</attalias><attrtype Sync="TRUE">Double</attrtype><attwidth Sync="TRUE">19</attwidth><atprecis Sync="TRUE">0</atprecis><attscale Sync="TRUE">0</attscale></attr><attr><attrlabl Sync="TRUE">LONG_X</attrlabl><attalias Sync="TRUE">LONG_X</attalias><attrtype Sync="TRUE">Double</attrtype><attwidth Sync="TRUE">19</attwidth><atprecis Sync="TRUE">0</atprecis><attscale Sync="TRUE">0</attscale></attr><attr><attrlabl Sync="TRUE">NAME</attrlabl><attalias Sync="TRUE">BOAT_RAMP</attalias><attrtype Sync="TRUE">String</attrtype><attwidth Sync="TRUE">10</attwidth><attrdef>Name of Public Access Site</attrdef><atprecis Sync="TRUE">0</atprecis><attscale Sync="TRUE">0</attscale></attr><attr><attrlabl Sync="TRUE">LAT_y</attrlabl><attalias Sync="TRUE">FISHING</attalias><attrtype Sync="TRUE">String</attrtype><attwidth Sync="TRUE">10</attwidth><attrdef>Latitude or Y Coordinate Value</attrdef><atprecis Sync="TRUE">0</atprecis><attscale Sync="TRUE">0</attscale></attr><attr><attrlabl Sync="TRUE">LONG_x</attrlabl><attalias Sync="TRUE">RESTROOM</attalias><attrtype Sync="TRUE">String</attrtype><attwidth Sync="TRUE">10</attwidth><attrdef>Longitude or X Coordinate Value</attrdef><atprecis Sync="TRUE">0</atprecis><attscale Sync="TRUE">0</attscale></attr><attr><attrlabl Sync="TRUE">BOAT_RAMP</attrlabl><attalias Sync="TRUE">Status</attalias><attrtype Sync="TRUE">String</attrtype><attwidth Sync="TRUE">50</attwidth><attrdef>Availability of Boat Ramp, Yes or No</attrdef><atprecis Sync="TRUE">0</atprecis><attscale Sync="TRUE">0</attscale><attrdefs Sync="TRUE">Esri</attrdefs><attrdomv><udom Sync="TRUE">Coordinates defining the features.</udom></attrdomv></attr><attr><attrlabl Sync="TRUE">FISHING</attrlabl><attalias Sync="TRUE">Year</attalias><attrtype Sync="TRUE">Date</attrtype><attwidth Sync="TRUE">8</attwidth><attrdef>Fishing as an option on the site</attrdef><atprecis Sync="TRUE">0</atprecis><attscale Sync="TRUE">0</attscale></attr><attr><attrlabl Sync="TRUE">Launch</attrlabl><attalias Sync="TRUE">West_of_95</attalias><attrtype Sync="TRUE">String</attrtype><attwidth Sync="TRUE">20</attwidth><atprecis Sync="TRUE">0</atprecis><attscale Sync="TRUE">0</attscale></attr><attr><attrlabl Sync="TRUE">TRAIL</attrlabl><attalias Sync="TRUE">Water_Body</attalias><attrtype Sync="TRUE">String</attrtype><attwidth Sync="TRUE">50</attwidth><atprecis Sync="TRUE">0</atprecis><attscale Sync="TRUE">0</attscale><attrdef>Availability of Trails</attrdef></attr><attr><attrlabl Sync="TRUE">RESTROOM</attrlabl><attalias Sync="TRUE">Hyperlink</attalias><attrtype Sync="TRUE">String</attrtype><attwidth Sync="TRUE">200</attwidth><attrdef>Availability of Restrooms</attrdef><atprecis Sync="TRUE">0</atprecis><attscale Sync="TRUE">0</attscale><attrdefs Sync="TRUE">Esri</attrdefs><attrdomv><udom Sync="TRUE">Sequential unique whole numbers that are automatically generated.</udom></attrdomv></attr><attr><attrlabl Sync="TRUE">Status</attrlabl><attalias Sync="TRUE">Owner</attalias><attrtype Sync="TRUE">String</attrtype><attwidth Sync="TRUE">50</attwidth><atprecis Sync="TRUE">0</atprecis><attscale Sync="TRUE">0</attscale></attr><attr><attrlabl Sync="TRUE">Year</attrlabl><attalias Sync="TRUE">Shape</attalias><attrtype Sync="TRUE">Geometry</attrtype><attwidth Sync="TRUE">0</attwidth><atprecis Sync="TRUE">0</atprecis><attscale Sync="TRUE">0</attscale><attrdef Sync="TRUE">Internal feature number.</attrdef><attrdefs Sync="TRUE">Esri</attrdefs><attrdomv><udom Sync="TRUE">Sequential unique whole numbers that are automatically generated.</udom></attrdomv></attr><attr><attrlabl Sync="TRUE">Hyperlink</attrlabl><attalias Sync="TRUE">Launch</attalias><attrtype Sync="TRUE">Integer</attrtype><attwidth Sync="TRUE">10</attwidth><atprecis Sync="TRUE">10</atprecis><attscale Sync="TRUE">0</attscale></attr><attr><attrlabl Sync="TRUE">Owner</attrlabl><attalias Sync="TRUE">TRAIL</attalias><attrtype Sync="TRUE">String</attrtype><attwidth Sync="TRUE">10</attwidth><atprecis Sync="TRUE">0</atprecis><attscale Sync="TRUE">0</attscale></attr></detailed></eainfo><mdDateSt Sync="TRUE">20190225</mdDateSt><dataqual><lineage><procstep><procdesc>Used Heads-Up digitizing techniques to capture Public Access point locations from Public Access Guide hardcopy map</procdesc><srcused>Chesapeake, Susquehanna Bay and River Public Access Guide</srcused><date Sync="TRUE">20070319</date><time Sync="TRUE">15523200</time><proccont><cntinfo><cntaddr><address>410 Severn Ave</address><addrtype>mailing and physical address</addrtype><address>Suite 109</address><city>Annapolis</city><state>Maryland</state><postal>21403</postal><country>USA</country></cntaddr><cntperp><cntper>Sewelo Keleagetse</cntper><cntorg>UMCES-Chesapeake Bay Program</cntorg></cntperp><cntpos>GIS Analyst</cntpos><cntvoice>800-YOU-BAY</cntvoice><cntemail>skeleage@chesapeakebay.net</cntemail></cntinfo></proccont><procsv>ArcMap Version 9.2</procsv><procdate>2006</procdate></procstep><procstep><procdesc>Incorporated QAQC comments, positions and attribute information from Virginia on 052507</procdesc></procstep><srcinfo><typesrc>paper</typesrc><srccitea>QAQC Comments from NOAA Coastal Management</srccitea><srccontr>Jacquie Shapo
2006-2008 NOAA Coastal Services Center Coastal Management Fellow, Virginia

Middle Peninsula Chesapeake Bay Public Access Authority

125 Bowden Street, P.O. Box 286

Saluda, VA 23149

Telephone:  804-758-2311

Fax:  804-758-3221

Email:  jshapo@mppdc.com</srccontr></srcinfo><srcinfo><typesrc>paper</typesrc><srccitea>QAQC Comments from Virginia Department of Conservation and Recreation</srccitea><srccontr>Derral Jones
Virginia Department of Conservation and Recreation
Richmond, VA 23219-6141</srccontr></srcinfo><procstep><procdesc Sync="TRUE">Dataset copied.</procdesc><srcused Sync="TRUE"/><date Sync="TRUE">20080324</date><time Sync="TRUE">14073800</time></procstep></lineage></dataqual></metadata>
