<?xml version="1.0" encoding="UTF-8"?>
<metadata xml:lang="en">
	<idinfo>
		<citation>
			<citeinfo>
				<origin>Virginia Department of Conservation and Recreation Division of Natural Heritage</origin>
				<pubdate>Unknown</pubdate>
				<pubtime Sync="TRUE">Unknown</pubtime>
				<title Sync="TRUE">agmodelrank</title>
				<geoform Sync="TRUE">vector digital data</geoform>
				<onlink>http://www.dcr.virginia.gov/natural_heritage/vclna.shtml</onlink>
				<ftname Sync="TRUE">agmodelrank</ftname></citeinfo>
		</citation>
		<descript>
			<abstract>The Virginia Agricultural Model identifies agricultural value of land in Virginia.  Natural criteria such as slope, land use and prime farmland designation were used to identify landscape features.  Cultural features from the Virginia Department of Historic Resources were used to identify historic farms.  This dataset is one component of the Virginia Conservation Lands Needs Assessment (VCLNA) project, which is being undertaken in an effort to map green infrastructure for the state of Virginia.</abstract>
			<purpose>The Agricultural Model was developed to show end users where potentially important agricultural lands are in Virginia. The end user will use the dataset as a stand alone GIS layer or integrated with additional data for conservation planning related decision making.</purpose>
			<supplinf>Access the VCLNA Agricultural Model Technical report for detailed model information.</supplinf>
			<langdata Sync="TRUE">en</langdata></descript>
		<timeperd>
			<timeinfo>
				<mdattim>
					<sngdate>
						<caldate>2000</caldate>
						<time>unknown</time>
					</sngdate>
					<sngdate>
						<caldate>20070101</caldate>
					</sngdate>
				</mdattim>
				<sngdate><caldate>REQUIRED: The year (and optionally month, or month and day) for which the data set corresponds to the ground.</caldate></sngdate></timeinfo>
			<current>ground condition</current>
		</timeperd>
		<status Sync="TRUE">
			<progress Sync="TRUE">Complete</progress>
			<update Sync="TRUE">None planned</update>
		</status>
		<spdom>
			<bounding Sync="TRUE">
				<westbc Sync="TRUE">-83.779586</westbc>
				<eastbc Sync="TRUE">-75.448710</eastbc>
				<northbc Sync="TRUE">39.385264</northbc>
				<southbc Sync="TRUE">36.471124</southbc>
			</bounding>
			<lboundng><leftbc Sync="TRUE">-368953.928945</leftbc><rightbc Sync="TRUE">349246.071055</rightbc><bottombc Sync="TRUE">60505.837782</bottombc><topbc Sync="TRUE">375715.837782</topbc></lboundng></spdom>
		<keywords Sync="TRUE">
			<theme>
				<themekt>None</themekt>
				<themekey>biota</themekey>
				<themekey Sync="TRUE">Agriculture</themekey>
				<themekey Sync="TRUE">Prime Farmland</themekey>
				<themekey>VCLNA</themekey>
			</theme>
			<place Sync="TRUE">
				<placekt Sync="TRUE">None</placekt>
				<placekey Sync="TRUE">Virginia</placekey>
			</place>
		</keywords>
		<accconst Sync="TRUE">There are no restrictions and/or legal prerequisites for accessing the data set.</accconst>
		<useconst Sync="TRUE">There are no restrictions and/or legal prerequisites for using the data set after access is granted.</useconst>
		<ptcontac>
			<cntinfo Sync="TRUE">
				<cntorgp>
					<cntorg Sync="TRUE">Virginia Department of Conservation and Recreation Division of Natural Heritage</cntorg>
					<cntper Sync="TRUE">Jennifer Ciminelli</cntper>
				</cntorgp>
				<cntpos Name="VA_Correctional_Facilities">VCLNA GIS Planner</cntpos>
				<cntaddr>
					<addrtype Sync="TRUE">mailing and physical address</addrtype>
					<address>217 Governor Street</address>
					<city>Richmond</city>
					<state Sync="TRUE">VA</state>
					<postal>23219</postal>
					<country>USA</country>
				</cntaddr>
				<cntvoice>804-786-3375</cntvoice>
				<cntfax>804-371-2674</cntfax>
				<cntemail>jennifer.ciminelli@dcr.virginia.gov</cntemail>
				<hours Sync="TRUE">8:30 am - 5:30 pm EST</hours>
			</cntinfo>
		</ptcontac>
		<native Sync="TRUE">Microsoft Windows XP Version 5.1 (Build 2600) Service Pack 2; ESRI ArcCatalog 9.2.4.1420</native>
		<natvform Sync="TRUE">Shapefile</natvform></idinfo>
	<dataqual Sync="TRUE">
		<attracc Sync="TRUE">
			<attraccr>Data was generated based on several input layers.  Data are believed to be as accurated as the input layers.</attraccr>
		</attracc>
		<logic Sync="TRUE">These data are logically consistent and topologically correct.</logic>
		<complete>All data are believed to be as complete as possible based on information obtained at the time of data creation.</complete>
		<lineage Sync="TRUE">
			<srcinfo>
				<srccite Sync="TRUE">
					<citeinfo>
						<origin Sync="TRUE">USDA Natural Resources Conservation Service (NRCS)</origin>
						<pubdate Sync="TRUE">Unknown</pubdate>
						<pubtime Sync="TRUE">Unknown</pubtime>
						<title Sync="TRUE">State Soil Geographic Database STATSGO</title>
						<geoform>vector digital data</geoform>
						<onlink>http://soildatamart.nrcs.usda.gov/</onlink>
					</citeinfo>
				</srccite>
				<typesrc>online</typesrc>
				<srctime Sync="TRUE">
					<timeinfo>
						<sngdate Sync="TRUE">
							<caldate Sync="TRUE">unknown</caldate>
							<time Sync="TRUE">unknown</time>
						</sngdate>
					</timeinfo>
					<srccurr Sync="TRUE">ground condition</srccurr>
				</srctime>
				<srccitea Sync="TRUE">STATSGO</srccitea>
				<srccontr Sync="TRUE">GIS soils information.</srccontr>
			</srcinfo>
			<srcinfo Sync="TRUE">
				<srccite Sync="TRUE">
					<citeinfo>
						<origin Sync="TRUE">USDA Natural Resources Conservation Service (NRCS)</origin>
						<pubdate Sync="TRUE">Unknown</pubdate>
						<pubtime Sync="TRUE">Unknown</pubtime>
						<title Sync="TRUE">Soil Geographic Database SSURGO</title>
						<geoform>vector digital data</geoform>
						<onlink>http://soildatamart.nrcs.usda.gov</onlink>
					</citeinfo>
				</srccite>
				<typesrc Sync="TRUE">online</typesrc>
				<srctime Sync="TRUE">
					<timeinfo>
						<sngdate Sync="TRUE">
							<caldate>unknown</caldate>
							<time Sync="TRUE">unknown</time>
						</sngdate>
					</timeinfo>
					<srccurr>publication date</srccurr>
				</srctime>
				<srccitea>SSURGO</srccitea>
				<srccontr>GIS soils information.</srccontr>
			</srcinfo>
			<srcinfo Name="VA_Correctional_Facilities">
				<srccite>
					<citeinfo Sync="TRUE">
						<origin>USGS</origin>
						<pubdate Sync="TRUE">Unknown</pubdate>
						<pubtime Sync="TRUE">Unknown</pubtime>
						<title Sync="TRUE">National Elevation Dataset</title>
						<geoform Sync="TRUE">raster digital data</geoform>
						<onlink>http://ned.usgs.gov/</onlink>
					</citeinfo>
				</srccite>
				<typesrc>online</typesrc>
				<srctime Sync="TRUE">
					<timeinfo>
						<sngdate>
							<caldate Sync="TRUE">unknown</caldate>
							<time>unknown</time>
						</sngdate>
					</timeinfo>
					<srccurr>publication date</srccurr>
				</srctime>
				<srccitea Sync="TRUE">NED</srccitea>
				<srccontr>National Elevation Dataset provided elevation grid.</srccontr>
			</srcinfo>
			<srcinfo>
				<srccite>
					<citeinfo Sync="TRUE">
						<origin>Virginia Department of Historic Resources</origin>
						<pubdate Sync="TRUE">Unknown</pubdate>
						<pubtime>Unknown</pubtime>
						<title>Historic Farms</title>
						<geoform Sync="TRUE">vector digital data</geoform>
						<onlink>http://www.dhr.virginia.gov/</onlink>
					</citeinfo>
				</srccite>
				<typesrc>online</typesrc>
				<srctime Sync="TRUE">
					<timeinfo>
						<sngdate>
							<caldate Sync="TRUE">unknown</caldate>
							<time>unknown</time>
						</sngdate>
					</timeinfo>
					<srccurr>publication date</srccurr>
				</srctime>
				<srccitea Sync="TRUE">DHR Historic Farms</srccitea>
				<srccontr>Historic farm locations from the Virginia Department of Historic Resources.</srccontr>
			</srcinfo>
			<srcinfo>
				<srccite>
					<citeinfo Sync="TRUE">
						<origin>University of Maryland</origin>
						<pubdate Sync="TRUE">2000</pubdate>
						<pubtime>2000</pubtime>
						<title>Regional Earth Science Applications Center (RESAC)</title>
						<geoform Sync="TRUE">remote-sensing image</geoform>
						<onlink>http://www.geog.umd.edu/resac/outgoing/</onlink>
					</citeinfo>
				</srccite>
				<typesrc>online</typesrc>
				<srctime Sync="TRUE">
					<timeinfo>
						<sngdate>
							<caldate Sync="TRUE">2000</caldate>
							<time>unknown</time>
						</sngdate>
					</timeinfo>
					<srccurr>ground condition</srccurr>
				</srctime>
				<srccitea Sync="TRUE">UMD RESAC</srccitea>
				<srccontr>Land use data derived from satellite imagery classification.</srccontr>
			</srcinfo>
			<procstep>
				<procdesc>STATSGO data downloaded from Soil Mart and compiled.</procdesc>
				<procdate>20070801</procdate>
			</procstep>
			<procstep>
				<procdesc>STATSGO prime farmland data compiled and proportions dervied for each STATSGO polygon.</procdesc>
				<procdate>20070801</procdate>
			</procstep>
			<procstep>
				<procdesc>SSURGO soils downloaded from Soil Mart.</procdesc>
				<procdate>20070801</procdate>
			</procstep>
			<procstep>
				<procdesc>SSURGO soils data compiled.  Prime farmland data extracted from SSURGO database.</procdesc>
				<procdate>20070801</procdate>
			</procstep>
			<procstep>
				<procdesc>Slope and land use data used to mask out inapprorpiate areas for prime farmland based on the NRCS prime farmland criteria from combined soils data.</procdesc>
				<procdate>20070801</procdate>
			</procstep>
			<procstep>
				<procdesc>Historic farms attributed and converted to a 30 meter grid.</procdesc>
				<procdate>20070901</procdate>
			</procstep>
			<procstep>
				<procdesc>Datasets combined in a weighted overlay.</procdesc>
				<procdate>20070901</procdate>
			</procstep>
			<procstep><procdesc Sync="TRUE">Metadata imported.</procdesc><srcused Sync="TRUE">C:\Projects\VCLNA\Ag\finaldeliverables\metadata\VCLNA_AgModel_Metadata.xml</srcused><date Sync="TRUE">20080401</date><time Sync="TRUE">15370800</time></procstep></lineage>
	</dataqual>
	<spdoinfo>
		<direct Sync="TRUE">Vector</direct>
		<ptvctinf>
			<sdtsterm Name="agmodelrank">
				<sdtstype Sync="TRUE">G-polygon</sdtstype>
				<ptvctcnt Sync="TRUE">277441</ptvctcnt>
			</sdtsterm>
			<esriterm Name="agmodelrank"><efeatyp Sync="TRUE">Simple</efeatyp><efeageom Sync="TRUE">Polygon</efeageom><esritopo Sync="TRUE">FALSE</esritopo><efeacnt Sync="TRUE">277441</efeacnt><spindex Sync="TRUE">TRUE</spindex><linrefer Sync="TRUE">FALSE</linrefer></esriterm></ptvctinf>
	</spdoinfo>
	<spref>
		<horizsys>
			<planar>
				<planci>
					<plance Sync="TRUE">coordinate pair</plance>
					<coordrep>
						<absres Sync="TRUE">0.000000</absres>
						<ordres Sync="TRUE">0.000000</ordres>
					</coordrep>
					<plandu Sync="TRUE">meters</plandu>
				</planci>
				<mapproj><mapprojn Sync="TRUE">Lambert Conformal Conic</mapprojn><lambertc><stdparll Sync="TRUE">37.000000</stdparll><stdparll Sync="TRUE">39.500000</stdparll><longcm Sync="TRUE">-79.500000</longcm><latprjo Sync="TRUE">36.000000</latprjo><feast Sync="TRUE">0.000000</feast><fnorth Sync="TRUE">0.000000</fnorth></lambertc></mapproj></planar>
			<geodetic>
				<horizdn Sync="TRUE">North American Datum of 1983</horizdn>
				<ellips Sync="TRUE">Geodetic Reference System 80</ellips>
				<semiaxis Sync="TRUE">6378137.000000</semiaxis>
				<denflat Sync="TRUE">298.257222</denflat>
			</geodetic>
			<cordsysn><geogcsn Sync="TRUE">GCS_North_American_1983</geogcsn><projcsn Sync="TRUE">NAD_1983_Lambert_Conformal_Conic</projcsn></cordsysn></horizsys>
	</spref>
	<eainfo>
		<detailed Name="agmodelrank">
			<enttyp>
				<enttypl Sync="TRUE">agmodelrank</enttypl>
				<enttypd>Agricultural value.</enttypd>
				<enttypds>DCR DNH</enttypds>
				<enttypt Sync="TRUE">Feature Class</enttypt><enttypc Sync="TRUE">277441</enttypc></enttyp>
			<attr>
				<attrlabl>FID</attrlabl>
				<attrdef>Internal feature number.</attrdef>
				<attrdefs>ESRI</attrdefs>
				<attrdomv>
					<udom>Sequential unique whole numbers that are automatically generated.</udom>
				</attrdomv>
			</attr>
			<attr>
				<attrlabl>Shape</attrlabl>
				<attrdef>Feature geometry.</attrdef>
				<attrdefs>ESRI</attrdefs>
				<attrdomv>
					<udom>Coordinates defining the features.</udom>
				</attrdomv>
			</attr>
			<attr>
				<attrlabl>ID</attrlabl>
				<attrdef>Identification Number</attrdef>
				<attrdefs>DCR DNH</attrdefs>
				<attrdomv>
					<udom>Sequential value.</udom>
				</attrdomv>
				<attrtype Sync="TRUE">Number</attrtype><attwidth Sync="TRUE">10</attwidth></attr>
			<attr>
				<attrlabl>AgValue</attrlabl>
				<attrdef>Agricultural value.</attrdef>
				<attrdefs>DCR DNH</attrdefs>
				<attrdomv>
					<rdom>
						<rdommin>1</rdommin>
						<rdommax>5</rdommax>
					</rdom>
				</attrdomv>
				<attrtype Sync="TRUE">Number</attrtype><attwidth Sync="TRUE">4</attwidth></attr>
		</detailed>
	</eainfo>
	<distinfo>
		<distrib>
			<cntinfo>
				<cntorgp>
					<cntorg>Virginia Department of Conservation and Recreation Division of Natural Heritage</cntorg>
					<cntper>Jennifer Ciminjelli</cntper>
				</cntorgp>
				<cntpos>VCLNA GIS Planner</cntpos>
				<cntaddr>
					<addrtype>mailing and physical address</addrtype>
					<address>214 Governor Street</address>
					<city>Richmond</city>
					<state>VA</state>
					<postal>23219</postal>
					<country>USA</country>
				</cntaddr>
				<cntvoice>804 786 3375</cntvoice>
				<cntemail>jennifer.ciminelli@dcr.virginia.gov</cntemail>
				<hours>8:30 to 5:30 pm EST</hours>
			</cntinfo>
		</distrib>
		<resdesc>Downloadable Data</resdesc>
		<distliab>NA</distliab>
		<stdorder>
			<digform>
				<digtinfo>
					<formname>MDB</formname>
					<transize>90.483</transize>
					<dssize Sync="TRUE">90.483</dssize></digtinfo>
				<digtopt>
					<onlinopt>
						<computer>
							<networka>
								<networkr>ftp.dcr.virginia.gov</networkr>
							</networka>
						</computer>
						<accinstr>Contact Natural Heritage for password.</accinstr>
					</onlinopt>
				</digtopt>
			</digform>
			<fees>NA</fees>
		</stdorder>
	</distinfo>
	<metainfo>
		<metd Sync="TRUE">20080401</metd>
		<metc>
			<cntinfo>
				<cntorgp>
					<cntorg>Virginia Department of Conservation and Recreation Division of Natural Heritage</cntorg>
					<cntper>Jennifer Ciminelli</cntper>
				</cntorgp>
				<cntpos>VCLNA GIS Planner</cntpos>
				<cntaddr>
					<addrtype>mailing and physical address</addrtype>
					<address>217 Governor Street</address>
					<city>Richmond</city>
					<state>VA</state>
					<postal>23219</postal>
					<country>USA</country>
				</cntaddr>
				<cntvoice>804-786-3375</cntvoice>
				<cntfax>804-371-2674</cntfax>
				<cntemail>jennifer.ciminelli@dcr.virginia.gov</cntemail>
				<hours>8:30 am - 5:30 pm EST</hours>
			</cntinfo>
		</metc>
		<metstdn Sync="TRUE">FGDC Content Standards for Digital Geospatial Metadata</metstdn>
		<metstdv Sync="TRUE">FGDC-STD-001-1998</metstdv>
		<mettc Sync="TRUE">local time</mettc>
		<metextns>
			<onlink>http://www.esri.com/metadata/esriprof80.html</onlink>
			<metprof>ESRI Metadata Profile</metprof>
		</metextns>
		<langmeta Sync="TRUE">en</langmeta><metextns><onlink Sync="TRUE">http://www.esri.com/metadata/esriprof80.html</onlink><metprof Sync="TRUE">ESRI Metadata Profile</metprof></metextns></metainfo>
	<Esri><MetaID>{A4045BCE-083E-4A3E-AE09-A89C3DBE8B55}</MetaID><CreaDate>20080401</CreaDate><CreaTime>15370800</CreaTime><SyncOnce>FALSE</SyncOnce><SyncDate>20080401</SyncDate><SyncTime>15370900</SyncTime><ModDate>20080401</ModDate><ModTime>15370900</ModTime></Esri><dataIdInfo><envirDesc Sync="TRUE">Microsoft Windows XP Version 5.1 (Build 2600) Service Pack 2; ESRI ArcCatalog 9.2.4.1420</envirDesc><dataLang><languageCode Sync="TRUE" value="en"></languageCode></dataLang><idCitation><resTitle Sync="TRUE">agmodelrank</resTitle><presForm><PresFormCd Sync="TRUE" value="005"></PresFormCd></presForm></idCitation><spatRpType><SpatRepTypCd Sync="TRUE" value="001"></SpatRepTypCd></spatRpType><dataExt><geoEle><GeoBndBox esriExtentType="native"><westBL Sync="TRUE">-368953.928945</westBL><eastBL Sync="TRUE">349246.071055</eastBL><northBL Sync="TRUE">375715.837782</northBL><southBL Sync="TRUE">60505.837782</southBL><exTypeCode Sync="TRUE">1</exTypeCode></GeoBndBox></geoEle></dataExt><geoBox esriExtentType="decdegrees"><westBL Sync="TRUE">-83.779586</westBL><eastBL Sync="TRUE">-75.44871</eastBL><northBL Sync="TRUE">39.385264</northBL><southBL Sync="TRUE">36.471124</southBL><exTypeCode Sync="TRUE">1</exTypeCode></geoBox></dataIdInfo><mdLang><languageCode Sync="TRUE" value="en"></languageCode></mdLang><mdStanName Sync="TRUE">ISO 19115 Geographic Information - Metadata</mdStanName><mdStanVer Sync="TRUE">DIS_ESRI1.0</mdStanVer><mdChar><CharSetCd Sync="TRUE" value="004"></CharSetCd></mdChar><mdHrLv><ScopeCd Sync="TRUE" value="005"></ScopeCd></mdHrLv><mdHrLvName Sync="TRUE">dataset</mdHrLvName><distInfo><distributor><distorTran><onLineSrc><orDesc Sync="TRUE">002</orDesc><linkage Sync="TRUE">file://\\WS1493\VCLNA\Ag\finaldeliverables\data\polys\agmodelrank.shp</linkage><protocol Sync="TRUE">Local Area Network</protocol></onLineSrc><transSize Sync="TRUE">90.483</transSize></distorTran><distorFormat><formatName Sync="TRUE">Shapefile</formatName></distorFormat></distributor></distInfo><refSysInfo><RefSystem><refSysID><identCode Sync="TRUE">NAD_1983_Lambert_Conformal_Conic</identCode></refSysID></RefSystem></refSysInfo><spatRepInfo><VectSpatRep><topLvl><TopoLevCd Sync="TRUE" value="001"></TopoLevCd></topLvl><geometObjs Name="agmodelrank"><geoObjTyp><GeoObjTypCd Sync="TRUE" value="001"></GeoObjTypCd></geoObjTyp><geoObjCnt Sync="TRUE">277441</geoObjCnt></geometObjs></VectSpatRep></spatRepInfo><mdDateSt Sync="TRUE">20080401</mdDateSt></metadata>
